time, angle, torque
974.407712, 0, 4.274008119e-06
974.833696, 0, 3.831520702e-06
974.837792, 0, 3.827307691e-06
974.944288, 0, 3.721163359e-06
974.948384, 0, 3.717093817e-06
975.214624, 0, 3.471804548e-06
