time, angle, torque
974.407712, 0, 1.251466784e-05
974.833696, 0, 1.130317011e-05
974.837792, 0, 1.12916206e-05
974.944288, 0, 1.099994324e-05
974.948384, 0, 1.098875647e-05
975.214624, 0, 1.031079198e-05
