time, angle, torque
974.407712, 0, 5.073877669e-06
974.833696, 0, 4.738348083e-06
974.837792, 0, 4.735126286e-06
974.944288, 0, 4.652842837e-06
974.948384, 0, 4.649680773e-06
975.214624, 0, 4.452988555e-06
