time, angle, torque
1088.321568, 0, 1.168152054e-05
1088.702496, 0, 1.094369426e-05
1088.706592, 0, 1.093580742e-05
1088.735264, 0, 1.088091312e-05
1088.73936, 0, 1.087308032e-05
