time, angle, torque
974.407712, 0, 9.683325644e-06
974.833696, 0, 8.783468594e-06
974.837792, 0, 8.774840971e-06
974.944288, 0, 8.556271088e-06
974.948384, 0, 8.547876581e-06
975.214624, 0, 8.035744016e-06
