time, angle, torque
1088.321568, 0, 1.616078814e-08
1088.702496, 0, 1.614709915e-08
1088.706592, 0, 1.614695188e-08
1088.735264, 0, 1.614592145e-08
1088.73936, 0, 1.614577424e-08
