time, angle, torque
1088.321568, 0, 5.294831815e-06
1088.702496, 0, 3.992495918e-06
1088.706592, 0, 3.978707028e-06
1088.735264, 0, 3.884600385e-06
1088.73936, 0, 3.871215323e-06
