time, angle, torque
1088.321568, 0, 1.844405937e-05
1088.702496, 0, 1.624293666e-05
1088.706592, 0, 1.621958886e-05
1088.735264, 0, 1.605801974e-05
1088.73936, 0, 1.603499554e-05
