time, angle, torque
1088.321568, 0, 1.845365633e-05
1088.702496, 0, 1.704797945e-05
1088.706592, 0, 1.703318955e-05
1088.735264, 0, 1.693055502e-05
1088.73936, 0, 1.691593262e-05
