force,height,time
-3.96396396396396e-08,7.53651314030753e-08,0.0002049999999999
-9.60960960960961e-08,2.91447806324989e-06,0.00722
