time, angle, torque
1088.321568, 0, 4.036337946e-06
1088.702496, 0, 3.88525099e-06
1088.706592, 0, 3.883642787e-06
1088.735264, 0, 3.872432676e-06
1088.73936, 0, 3.870833305e-06
