time, angle, torque
974.407712, 0, 6.100398653e-06
974.833696, 0, 5.58886737e-06
974.837792, 0, 5.583955122e-06
974.944288, 0, 5.459112048e-06
974.948384, 0, 5.454315079e-06
975.214624, 0, 5.159471023e-06
