time, angle, torque
1088.321568, 0, 1.223810031e-05
1088.702496, 0, 1.129780219e-05
1088.706592, 0, 1.128771839e-05
1088.735264, 0, 1.121758556e-05
1088.73936, 0, 1.120757707e-05
