time, angle, torque
1088.321568, 0, 8.859822918e-06
1088.702496, 0, 8.555549819e-06
1088.706592, 0, 8.552280699e-06
1088.735264, 0, 8.529459376e-06
1088.73936, 0, 8.526200559e-06
