time, angle, torque
1088.321568, 0, 4.047882243e-06
1088.702496, 0, 3.623658954e-06
1088.706592, 0, 3.619203017e-06
1088.735264, 0, 3.588361384e-06
1088.73936, 0, 3.583969312e-06
