time, angle, torque
1088.321568, 0, 8.657757509e-07
1088.702496, 0, 2.691438618e-07
1088.706592, 0, 2.628797559e-07
1088.735264, 0, 2.252998845e-07
1088.73936, 0, 2.20056276e-07
