time, angle, torque
1088.321568, 0, 1.163889934e-05
1088.702496, 0, 9.407062536e-06
1088.706592, 0, 9.383594081e-06
1088.735264, 0, 9.222517896e-06
1088.73936, 0, 9.199601373e-06
