time, angle, torque
974.407712, 0, 3.367638674e-06
974.833696, 0, 3.211275213e-06
974.837792, 0, 3.209774169e-06
974.944288, 0, 3.171242862e-06
974.948384, 0, 3.169761999e-06
975.214624, 0, 3.076490373e-06
