time, angle, torque
1088.321568, 0, 9.533419578e-06
1088.702496, 0, 8.983181054e-06
1088.706592, 0, 8.977369561e-06
1088.735264, 0, 8.936961804e-06
1088.73936, 0, 8.93120187e-06
