time, angle, torque
1088.321568, 0, 4.230593046e-06
1088.702496, 0, 2.485934485e-06
1088.706592, 0, 2.467349274e-06
1088.735264, 0, 2.34379133e-06
1088.73936, 0, 2.326274e-06
