time, angle, torque
974.407712, 0, 1.144221125e-05
974.833696, 0, 1.02789485e-05
974.837792, 0, 1.026782645e-05
974.944288, 0, 9.987053397e-06
974.948384, 0, 9.976277764e-06
975.214624, 0, 9.324112946e-06
