time, angle, torque
1088.321568, 0, 2.089355726e-05
1088.702496, 0, 1.880115371e-05
1088.706592, 0, 1.877899792e-05
1088.735264, 0, 1.862544109e-05
1088.73936, 0, 1.860355708e-05
