time, angle, torque
974.407712, 0, 6.740228592e-06
974.833696, 0, 6.382424439e-06
974.837792, 0, 6.378986019e-06
974.944288, 0, 6.290825141e-06
974.948384, 0, 6.287436201e-06
975.214624, 0, 6.074624666e-06
