time, angle, torque
1088.321568, 0, 1.696177837e-05
1088.702496, 0, 1.614473322e-05
1088.706592, 0, 1.613595804e-05
1088.735264, 0, 1.607476971e-05
1088.73936, 0, 1.606603375e-05
