time, angle, torque
1088.321568, 0, 2.199751535e-05
1088.702496, 0, 1.949363288e-05
1088.706592, 0, 1.946753873e-05
1088.735264, 0, 1.928724419e-05
1088.73936, 0, 1.926158908e-05
