time, angle, torque
974.407712, 0, 3.656330173e-06
974.833696, 0, 3.504333539e-06
974.837792, 0, 3.502873474e-06
974.944288, 0, 3.465338589e-06
974.948384, 0, 3.463895734e-06
975.214624, 0, 3.372689881e-06
