time, angle, torque
1088.321568, 0, 1.081897237e-05
1088.702496, 0, 1.022397836e-05
1088.706592, 0, 1.021770073e-05
1088.735264, 0, 1.017405153e-05
1088.73936, 0, 1.016783002e-05
