time, angle, torque
1088.321568, 0, 4.365723365e-06
1088.702496, 0, 2.638381328e-06
1088.706592, 0, 2.61997285e-06
1088.735264, 0, 2.49717742e-06
1088.73936, 0, 2.479759681e-06
