time, angle, torque
1088.321568, 0, 1.360566672e-07
1088.702496, 0, 1.349182336e-07
1088.706592, 0, 1.34905991e-07
1088.735264, 0, 1.348203461e-07
1088.73936, 0, 1.34808112e-07
