time, angle, torque
1088.321568, 0, 1.72215968e-05
1088.702496, 0, 1.628972727e-05
1088.706592, 0, 1.62798258e-05
1088.735264, 0, 1.621090999e-05
1088.73936, 0, 1.620108077e-05
