time, angle, torque
974.407712, 0, 6.65217194e-06
974.833696, 0, 6.284292961e-06
974.837792, 0, 6.280758908e-06
974.944288, 0, 6.190213842e-06
974.948384, 0, 6.186733599e-06
975.214624, 0, 5.968580406e-06
