time, angle, torque
974.407712, 0, 9.072855519e-06
974.833696, 0, 8.49755208e-06
974.837792, 0, 8.492045399e-06
974.944288, 0, 8.35148623e-06
974.948384, 0, 8.346088748e-06
975.214624, 0, 8.010669284e-06
