time, angle, torque
1088.321568, 0, 2.291056899e-05
1088.702496, 0, 2.110190637e-05
1088.706592, 0, 2.108295349e-05
1088.735264, 0, 2.095151678e-05
1088.73936, 0, 2.093279815e-05
