time, angle, torque
1088.321568, 0, 9.149134169e-06
1088.702496, 0, 8.737438762e-06
1088.706592, 0, 8.733014729e-06
1088.735264, 0, 8.702156437e-06
1088.73936, 0, 8.697750391e-06
