time, angle, torque
974.407712, 0, 4.969403002e-06
974.833696, 0, 2.964808625e-06
974.837792, 0, 2.945658155e-06
974.944288, 0, 2.519741183e-06
974.948384, 0, 2.503465547e-06
975.214624, 0, 1.759805778e-06
