time, angle, torque
1088.321568, 0, 1.312873673e-05
1088.702496, 0, 1.071058429e-05
1088.706592, 0, 1.068519644e-05
1088.735264, 0, 1.05108403e-05
1088.73936, 0, 1.048603513e-05
