time, angle, torque
974.407712, 0, 5.528258452e-06
974.833696, 0, 5.208727293e-06
974.837792, 0, 5.205659139e-06
974.944288, 0, 5.12711937e-06
974.948384, 0, 5.124100972e-06
975.214624, 0, 4.935293747e-06
