time, angle, torque
1088.321568, 0, 2.182311292e-05
1088.702496, 0, 1.937144358e-05
1088.706592, 0, 1.934529885e-05
1088.735264, 0, 1.916415007e-05
1088.73936, 0, 1.913832186e-05
