time, angle, torque
974.407712, 0, 2.964198715e-06
974.833696, 0, 2.863628082e-06
974.837792, 0, 2.862660802e-06
974.944288, 0, 2.837731756e-06
974.948384, 0, 2.836773118e-06
975.214624, 0, 2.775805945e-06
