time, angle, torque
1088.321568, 0, 1.153197383e-05
1088.702496, 0, 1.068646134e-05
1088.706592, 0, 1.067752947e-05
1088.735264, 0, 1.061550022e-05
1088.73936, 0, 1.060665946e-05
