time, angle, torque
1088.321568, 0, 1.705086879e-06
1088.702496, 0, 1.684454596e-06
1088.706592, 0, 1.684232542e-06
1088.735264, 0, 1.682679323e-06
1088.73936, 0, 1.682457442e-06
