time, angle, torque
974.407712, 0, 1.337038533e-05
974.833696, 0, 1.232226499e-05
974.837792, 0, 1.231219686e-05
974.944288, 0, 1.205589206e-05
974.948384, 0, 1.204604264e-05
975.214624, 0, 1.143822597e-05
