time, angle, torque
1088.321568, 0, 2.784870338e-05
1088.702496, 0, 2.586384379e-05
1088.706592, 0, 2.584253657e-05
1088.735264, 0, 2.569425684e-05
1088.73936, 0, 2.567309301e-05
