time, angle, torque
974.407712, 0, 6.562833903e-06
974.833696, 0, 6.091374227e-06
974.837792, 0, 6.086870893e-06
974.944288, 0, 5.972267013e-06
974.948384, 0, 5.967868696e-06
975.214624, 0, 5.696478411e-06
