time, angle, torque
1088.321568, 0, 1.569487381e-05
1088.702496, 0, 1.428384885e-05
1088.706592, 0, 1.426913405e-05
1088.735264, 0, 1.416723747e-05
1088.73936, 0, 1.415273359e-05
