time, angle, torque
974.407712, 0, 5.600422593e-06
974.833696, 0, 5.200705305e-06
974.837792, 0, 5.196878191e-06
974.944288, 0, 5.099385574e-06
974.948384, 0, 5.095641806e-06
975.214624, 0, 4.864127962e-06
