time, angle, torque
1088.321568, 0, 1.291146415e-05
1088.702496, 0, 1.189017319e-05
1088.706592, 0, 1.187940651e-05
1088.735264, 0, 1.180468763e-05
1088.73936, 0, 1.179404079e-05
