time, angle, torque
1088.321568, 0, 3.433002541e-06
1088.702496, 0, 3.363808815e-06
1088.706592, 0, 3.363065095e-06
1088.735264, 0, 3.357867505e-06
1088.73936, 0, 3.357125173e-06
