time, angle, torque
1088.321568, 0, 2.270357285e-05
1088.702496, 0, 2.070275534e-05
1088.706592, 0, 2.068168465e-05
1088.735264, 0, 2.053558637e-05
1088.73936, 0, 2.051477243e-05
