time, angle, torque
1088.321568, 0, 1.456525415e-05
1088.702496, 0, 1.278912742e-05
1088.706592, 0, 1.277028864e-05
1088.735264, 0, 1.263996259e-05
1088.73936, 0, 1.262139136e-05
