time, angle, torque
974.407712, 0, 6.607672817e-07
974.833696, 0, 6.483112842e-07
974.837792, 0, 6.481914704e-07
974.944288, 0, 6.450912334e-07
974.948384, 0, 6.449720007e-07
975.214624, 0, 6.373123309e-07
