time, angle, torque
1088.321568, 0, 1.823577512e-06
1088.702496, 0, 1.796612045e-06
1088.706592, 0, 1.796321941e-06
1088.735264, 0, 1.794293345e-06
1088.73936, 0, 1.794003575e-06
