time, angle, torque
1088.321568, 0, 2.305375585e-05
1088.702496, 0, 2.085234866e-05
1088.706592, 0, 2.082917999e-05
1088.735264, 0, 2.066864796e-05
1088.73936, 0, 2.064578081e-05
