time, angle, torque
974.407712, 0, 1.038510746e-05
974.833696, 0, 8.589369072e-06
974.837792, 0, 8.572137635e-06
974.944288, 0, 8.146378571e-06
974.948384, 0, 8.130036205e-06
975.214624, 0, 7.190559773e-06
