time, angle, torque
1088.321568, 0, 1.363551873e-05
1088.702496, 0, 1.148759994e-05
1088.706592, 0, 1.14645517e-05
1088.735264, 0, 1.130545426e-05
1088.73936, 0, 1.128277177e-05
