time, angle, torque
1088.321568, 0, 3.438023218e-06
1088.702496, 0, 3.290876845e-06
1088.706592, 0, 3.289311399e-06
1088.735264, 0, 3.27840463e-06
1088.73936, 0, 3.276848691e-06
