time, angle, torque
974.407712, 0, 5.77857602e-06
974.833696, 0, 3.87394521e-06
974.837792, 0, 3.855786159e-06
974.944288, 0, 3.43558227e-06
974.948384, 0, 3.419506023e-06
975.214624, 0, 2.620090149e-06
