time, angle, torque
1088.321568, 0, 1.689348119e-05
1088.702496, 0, 1.573296156e-05
1088.706592, 0, 1.572049551e-05
1088.735264, 0, 1.56337174e-05
1088.73936, 0, 1.562133059e-05
