time, angle, torque
974.407712, 0, 2.758277431e-07
974.833696, 0, 2.732146488e-07
974.837792, 0, 2.731895365e-07
974.944288, 0, 2.725383726e-07
974.948384, 0, 2.725133337e-07
975.214624, 0, 2.708961522e-07
