time, angle, torque
1088.321568, 0, 6.463638684e-07
1088.702496, 0, 6.427711338e-07
1088.706592, 0, 6.427324557e-07
1088.735264, 0, 6.424618293e-07
1088.73936, 0, 6.424231669e-07
