time, angle, torque
1088.321568, 0, 5.672864322e-06
1088.702496, 0, 3.428588248e-06
1088.706592, 0, 3.404627455e-06
1088.735264, 0, 3.244778566e-06
1088.73936, 0, 3.222102742e-06
