time, angle, torque
974.407712, 0, 4.065263787e-07
974.833696, 0, 4.021700026e-07
974.837792, 0, 4.021281177e-07
974.944288, 0, 4.010422974e-07
974.948384, 0, 4.010005404e-07
975.214624, 0, 3.983050832e-07
