time, force, displacement 
0.05000000074506,-0.0001184079228551,0
0.5778250098228,0.0002118457487086,0.02363930270076
1.107825040817,0.0008734382572584,0.07556743919849