time, angle, torque
974.407712, 0, 9.193185346e-06
974.833696, 0, 8.55413553e-06
974.837792, 0, 8.547996276e-06
974.944288, 0, 8.391312918e-06
974.948384, 0, 8.385291208e-06
975.214624, 0, 8.011394026e-06
