time, angle, torque
1088.321568, 0, 2.048493772e-05
1088.702496, 0, 1.918673741e-05
1088.706592, 0, 1.917280315e-05
1088.735264, 0, 1.907576957e-05
1088.73936, 0, 1.906191898e-05
