time, angle, torque
974.407712, 0, 1.259207553e-06
974.833696, 0, 1.229650215e-06
974.837792, 0, 1.229365924e-06
974.944288, 0, 1.222019447e-06
974.948384, 0, 1.221736927e-06
975.214624, 0, 1.203643057e-06
