time, angle, torque
1088.321568, 0, 3.56045562e-06
1088.702496, 0, 3.488619517e-06
1088.706592, 0, 3.487847463e-06
1088.735264, 0, 3.482451949e-06
1088.73936, 0, 3.481681356e-06
