time, angle, torque
974.407712, 0, 1.534118119e-07
974.833696, 0, 1.519031466e-07
974.837792, 0, 1.518886457e-07
974.944288, 0, 1.515127132e-07
974.948384, 0, 1.514982574e-07
975.214624, 0, 1.505647905e-07
