time, angle, torque
974.407712, 0, 2.492924724e-06
974.833696, 0, 2.198419483e-06
974.837792, 0, 2.195609852e-06
974.944288, 0, 2.12507967e-06
974.948384, 0, 2.122374576e-06
975.214624, 0, 1.960771295e-06
