time, angle, torque
974.407712, 0, 2.198353667e-06
974.833696, 0, 2.139817632e-06
974.837792, 0, 2.139254898e-06
974.944288, 0, 2.124723585e-06
974.948384, 0, 2.124164828e-06
975.214624, 0, 2.088456608e-06
