time, angle, torque
974.407712, 0, 2.581320709e-06
974.833696, 0, 1.071701481e-06
974.837792, 0, 1.057391204e-06
974.944288, 0, 7.821925832e-07
974.948384, 0, 7.717498507e-07
975.214624, 0, 4.106190871e-07
