time, angle, torque
1088.321568, 0, 2.624985952e-06
1088.702496, 0, 1.161616364e-06
1088.706592, 0, 1.146104463e-06
1088.735264, 0, 1.046923437e-06
1088.73936, 0, 1.032944438e-06
