time, angle, torque
974.407712, 0, 7.130310745e-06
974.833696, 0, 6.640426671e-06
974.837792, 0, 6.635721088e-06
974.944288, 0, 6.515605996e-06
974.948384, 0, 6.510989816e-06
975.214624, 0, 6.224236547e-06
