time, angle, torque
1088.321568, 0, 8.07926865e-06
1088.702496, 0, 6.685920446e-06
1088.706592, 0, 6.671001868e-06
1088.735264, 0, 6.568204907e-06
1088.73936, 0, 6.553554817e-06
