time, angle, torque
974.407712, 0, 7.141418032e-08
974.833696, 0, 7.100345e-08
974.837792, 0, 7.099950057e-08
974.944288, 0, 7.089694847e-08
974.948384, 0, 7.089300421e-08
975.214624, 0, 7.063753037e-08
