time, angle, torque
974.407712, 0, 2.380605366e-06
974.833696, 0, 2.315816165e-06
974.837792, 0, 2.315192698e-06
974.944288, 0, 2.299092915e-06
974.948384, 0, 2.298473693e-06
975.214624, 0, 2.258900225e-06
