time, angle, torque
1088.321568, 0, 1.011880431e-05
1088.702496, 0, 9.721909729e-06
1088.706592, 0, 9.717643951e-06
1088.735264, 0, 9.687874357e-06
1088.73936, 0, 9.68362342e-06
