time, angle, torque
1088.321568, 0, 4.388016255e-07
1088.702496, 0, 4.189465629e-07
1088.706592, 0, 4.187331998e-07
1088.735264, 0, 4.172449943e-07
1088.73936, 0, 4.17032504e-07
