time, angle, torque
974.407712, 0, 3.157099074e-06
974.833696, 0, 2.069382092e-06
974.837792, 0, 2.059042891e-06
974.944288, 0, 1.821670021e-06
974.948384, 0, 1.812594993e-06
975.214624, 0, 1.368397906e-06
