time, angle, torque
1088.321568, 0, 3.383184044e-06
1088.702496, 0, 2.301514602e-06
1088.706592, 0, 2.290019856e-06
1088.735264, 0, 2.212345617e-06
1088.73936, 0, 2.201309888e-06
