time, angle, torque
974.407712, 0, 8.523011705e-06
974.833696, 0, 6.690212876e-06
974.837792, 0, 6.672920416e-06
974.944288, 0, 6.253858515e-06
974.948384, 0, 6.23783715e-06
975.214624, 0, 5.353066968e-06
