time, angle, torque
974.407712, 0, 1.336016475e-05
974.833696, 0, 1.223167975e-05
974.837792, 0, 1.222083949e-05
974.944288, 0, 1.194535811e-05
974.948384, 0, 1.193477228e-05
975.214624, 0, 1.128425756e-05
