time, angle, torque
974.407712, 0, 5.857672972e-06
974.833696, 0, 3.851651634e-06
974.837792, 0, 3.832492332e-06
974.944288, 0, 3.391857458e-06
974.948384, 0, 3.374998567e-06
975.214624, 0, 2.548188942e-06
