time, angle, torque
974.407712, 0, 1.168906185e-05
974.833696, 0, 9.586555533e-06
974.837792, 0, 9.566486547e-06
974.944288, 0, 9.072526443e-06
974.948384, 0, 9.053589141e-06
975.214624, 0, 7.973275975e-06
