time, angle, torque
974.407712, 0, 8.603130038e-06
974.833696, 0, 7.011994901e-06
974.837792, 0, 6.996931129e-06
974.944288, 0, 6.627645204e-06
974.948384, 0, 6.613513594e-06
975.214624, 0, 5.813195311e-06
