time, angle, torque
1088.321568, 0, 1.113990609e-05
1088.702496, 0, 9.20972072e-06
1088.706592, 0, 9.189410704e-06
1088.735264, 0, 9.049726286e-06
1088.73936, 0, 9.029847394e-06
