time, angle, torque
1088.321568, 0, 7.02203263e-06
1088.702496, 0, 6.396692339e-06
1088.706592, 0, 6.390113751e-06
1088.735264, 0, 6.344512452e-06
1088.73936, 0, 6.338016568e-06
