time, angle, torque
974.407712, 0, 1.181131331e-07
974.833696, 0, 1.168709843e-07
974.837792, 0, 1.168589848e-07
974.944288, 0, 1.165490611e-07
974.948384, 0, 1.165371371e-07
975.214624, 0, 1.157671446e-07
