time, angle, torque
974.407712, 0, 3.020444934e-06
974.833696, 0, 1.649516249e-06
974.837792, 0, 1.636459709e-06
974.944288, 0, 1.355402951e-06
974.948384, 0, 1.344680281e-06
975.214624, 0, 8.857356551e-07
