time, angle, torque
1088.321568, 0, 3.129808884e-06
1088.702496, 0, 1.79550223e-06
1088.706592, 0, 1.781291658e-06
1088.735264, 0, 1.687093913e-06
1088.73936, 0, 1.673744794e-06
