time, angle, torque
1088.321568, 0, 2.364258123e-05
1088.702496, 0, 2.112830561e-05
1088.706592, 0, 2.110136892e-05
1088.735264, 0, 2.091453622e-05
1088.73936, 0, 2.088788528e-05
