time, angle, torque
1088.321568, 0, 1.430476944e-05
1088.702496, 0, 1.16501322e-05
1088.706592, 0, 1.162175906e-05
1088.735264, 0, 1.142656713e-05
1088.73936, 0, 1.139875852e-05
