time, angle, torque
974.407712, 0, 1.241954982e-10
974.833696, 0, 1.241452768e-10
974.837792, 0, 1.241442417e-10
974.944288, 0, 1.241173338e-10
974.948384, 0, 1.241317641e-10
975.214624, 0, 1.24100409e-10
