time, angle, torque
1088.321568, 0, 2.346163171e-10
1088.702496, 0, 2.345446159e-10
1088.706592, 0, 2.345430885e-10
1088.735264, 0, 2.345323978e-10
1088.73936, 0, 2.345308706e-10
