time, angle, torque
974.407712, 0, 2.311335678e-07
974.833696, 0, 2.28640303e-07
974.837792, 0, 2.286162792e-07
974.944288, 0, 2.279941029e-07
974.948384, 0, 2.279701685e-07
975.214624, 0, 2.264243311e-07
