time, angle, torque
1088.321568, 0, 6.852561236e-07
1088.702496, 0, 6.797251709e-07
1088.706592, 0, 6.796656103e-07
1088.735264, 0, 6.792488953e-07
1088.73936, 0, 6.791893617e-07
