time, angle, torque
974.407712, 0, 2.130114486e-06
974.833696, 0, 2.054071988e-06
974.837792, 0, 2.053340975e-06
974.944288, 0, 2.034508788e-06
974.948384, 0, 2.033784706e-06
975.214624, 0, 1.987783015e-06
