time, angle, torque
1088.321568, 0, 5.907706548e-06
1088.702496, 0, 5.71841098e-06
1088.706592, 0, 5.716377368e-06
1088.735264, 0, 5.702178891e-06
1088.73936, 0, 5.700151364e-06
