time, angle, torque
974.407712, 0, 3.664657075e-06
974.833696, 0, 3.439974336e-06
974.837792, 0, 3.437821297e-06
974.944288, 0, 3.382809985e-06
974.948384, 0, 3.380696928e-06
975.214624, 0, 3.249081876e-06
