time, angle, torque
974.407712, 0, 1.328540517e-05
974.833696, 0, 1.193937916e-05
974.837792, 0, 1.192645087e-05
974.944288, 0, 1.159953277e-05
974.948384, 0, 1.158697267e-05
975.214624, 0, 1.082431892e-05
