time, angle, torque
1088.321568, 0, 6.078533666e-06
1088.702496, 0, 5.844825005e-06
1088.706592, 0, 5.842339828e-06
1088.735264, 0, 5.825020642e-06
1088.73936, 0, 5.82254993e-06
