time, angle, torque
1088.321568, 0, 2.083719271e-08
1088.702496, 0, 2.060125294e-08
1088.706592, 0, 2.059878148e-08
1088.735264, 0, 2.058097522e-08
1088.73936, 0, 2.057850617e-08
