time, angle, torque
974.407712, 0, 6.837352071e-06
974.833696, 0, 4.917888541e-06
974.837792, 0, 4.899594806e-06
974.944288, 0, 4.466677729e-06
974.948384, 0, 4.450104559e-06
975.214624, 0, 3.584559364e-06
