time, angle, torque
1088.321568, 0, 7.619404172e-06
1088.702496, 0, 5.646295252e-06
1088.706592, 0, 5.625278158e-06
1088.735264, 0, 5.481999717e-06
1088.73936, 0, 5.461616319e-06
