time, angle, torque
974.407712, 0, 2.3832295e-06
974.833696, 0, 1.050656221e-06
974.837792, 0, 1.037998938e-06
974.944288, 0, 7.881323121e-07
974.948384, 0, 7.786376044e-07
975.214624, 0, 4.343540082e-07
