time, angle, torque
1088.321568, 0, 2.430579312e-06
1088.702496, 0, 1.13895685e-06
1088.706592, 0, 1.125237125e-06
1088.735264, 0, 1.036751884e-06
1088.73936, 0, 1.024263353e-06
