time, angle, torque
974.407712, 0, 3.834596228e-06
974.833696, 0, 3.680777639e-06
974.837792, 0, 3.679299245e-06
974.944288, 0, 3.641261297e-06
974.948384, 0, 3.639798894e-06
975.214624, 0, 3.547177586e-06
