time, angle, torque
974.407712, 0, 1.313756518e-05
974.833696, 0, 1.21066598e-05
974.837792, 0, 1.209675574e-05
974.944288, 0, 1.184462238e-05
974.948384, 0, 1.183493296e-05
975.214624, 0, 1.123696805e-05
