time, angle, torque
1088.321568, 0, 2.730715612e-05
1088.702496, 0, 2.53713876e-05
1088.706592, 0, 2.535059469e-05
1088.735264, 0, 2.520587962e-05
1088.73936, 0, 2.51852234e-05
