time, angle, torque
1088.321568, 0, 1.045883948e-05
1088.702496, 0, 9.736704416e-06
1088.706592, 0, 9.728949911e-06
1088.735264, 0, 9.674973207e-06
1088.73936, 0, 9.667268756e-06
