time, angle, torque
974.407712, 0, 5.982123968e-06
974.833696, 0, 5.683951053e-06
974.837792, 0, 5.681085781e-06
974.944288, 0, 5.607558319e-06
974.948384, 0, 5.604731847e-06
975.214624, 0, 5.426871044e-06
