time, angle, torque
1088.321568, 0, 1.544112967e-05
1088.702496, 0, 1.473034082e-05
1088.706592, 0, 1.47227149e-05
1088.735264, 0, 1.466953785e-05
1088.73936, 0, 1.466194621e-05
