time, angle, torque
974.407712, 0, 7.585406067e-07
974.833696, 0, 1.904772145e-07
974.837792, 0, 1.85167355e-07
974.944288, 0, 1.060781433e-07
974.948384, 0, 1.031210492e-07
975.214624, 0, 3.6006763e-08
