time, angle, torque
1088.321568, 0, 7.597805325e-07
1088.702496, 0, 2.072006506e-07
1088.706592, 0, 2.014245923e-07
1088.735264, 0, 1.677515048e-07
1088.73936, 0, 1.630751638e-07
