time, angle, torque
974.407712, 0, 8.581544825e-06
974.833696, 0, 7.769683843e-06
974.837792, 0, 7.761900076e-06
974.944288, 0, 7.564808648e-06
974.948384, 0, 7.557239196e-06
975.214624, 0, 7.096001483e-06
