time, angle, torque
974.407712, 0, 9.416615995e-06
974.833696, 0, 7.139727424e-06
974.837792, 0, 7.118008062e-06
974.944288, 0, 6.595588419e-06
974.948384, 0, 6.575575769e-06
975.214624, 0, 5.492067538e-06
