time, angle, torque
1088.321568, 0, 1.091846706e-05
1088.702496, 0, 8.491670168e-06
1088.706592, 0, 8.465806285e-06
1088.735264, 0, 8.288668856e-06
1088.73936, 0, 8.263452063e-06
