time, angle, torque
1088.321568, 0, 6.661144548e-06
1088.702496, 0, 5.013121732e-06
1088.706592, 0, 4.995498567e-06
1088.735264, 0, 4.875135312e-06
1088.73936, 0, 4.858003649e-06
