time, angle, torque
974.407712, 0, 1.290733993e-05
974.833696, 0, 1.167868491e-05
974.837792, 0, 1.166698415e-05
974.944288, 0, 1.137146185e-05
974.948384, 0, 1.136013036e-05
975.214624, 0, 1.067315614e-05
