time, angle, torque
974.407712, 0, 3.599432713e-06
974.833696, 0, 2.429172546e-06
974.837792, 0, 2.417998282e-06
974.944288, 0, 2.158795086e-06
974.948384, 0, 2.148875442e-06
975.214624, 0, 1.653291565e-06
