time, angle, torque
1088.321568, 0, 3.892480021e-06
1088.702496, 0, 2.720346249e-06
1088.706592, 0, 2.707832133e-06
1088.735264, 0, 2.623001641e-06
1088.73936, 0, 2.61094091e-06
