time, angle, torque
1088.321568, 0, 1.484082671e-05
1088.702496, 0, 1.405075667e-05
1088.706592, 0, 1.404233751e-05
1088.735264, 0, 1.398371246e-05
1088.73936, 0, 1.397534874e-05
