time, angle, torque
1088.321568, 0, 3.149062176e-06
1088.702496, 0, 3.073307129e-06
1088.706592, 0, 3.072492847e-06
1088.735264, 0, 3.066803529e-06
1088.73936, 0, 3.065990992e-06
