time, angle, torque
1088.321568, 0, 1.414401607e-05
1088.702496, 0, 1.214349095e-05
1088.706592, 0, 1.212206777e-05
1088.735264, 0, 1.197397859e-05
1088.73936, 0, 1.195286441e-05
