time, angle, torque
974.407712, 0, 3.449421307e-08
974.833696, 0, 3.435345451e-08
974.837792, 0, 3.435210047e-08
974.944288, 0, 3.431695648e-08
974.948384, 0, 3.431560483e-08
975.214624, 0, 3.422799564e-08
