time, angle, torque
1088.321568, 0, 1.082458341e-07
1088.702496, 0, 1.079257238e-07
1088.706592, 0, 1.079222794e-07
1088.735264, 0, 1.078981726e-07
1088.73936, 0, 1.078947287e-07
