time, angle, torque
974.407712, 0, 1.073492262e-05
974.833696, 0, 9.178996329e-06
974.837792, 0, 9.164176618e-06
974.944288, 0, 8.795398164e-06
974.948384, 0, 8.781262455e-06
975.214624, 0, 7.953728371e-06
