time, angle, torque
1088.321568, 0, 2.259526641e-05
1088.702496, 0, 2.027931986e-05
1088.706592, 0, 2.025510639e-05
1088.735264, 0, 2.00875643e-05
1088.73936, 0, 2.006371409e-05
