time,displacement,angle,force,torque
974.40771484375,0.0,0.0,9.985179152213405e-05,1.0997475904918463e-06
974.8336791992188,0.0,0.0,0.00011877265800278687,1.2344999671900945e-06
974.8377685546875,0.0,0.0,0.00011898562743128905,1.2350846817357022e-06
974.9442749023438,0.0,0.0,0.0001243378228043151,1.2499293240482757e-06
974.9483642578125,0.0,0.0,0.0001245325344933373,1.2505203580322094e-06
975.214599609375,0.0,0.0,0.0001337572897058886,1.3110792429844824e-06
