time,displacement,angle,force,torque
1088.321533203125,0.0,0.0,0.00011655748471371599,2.075419260603405e-06
1088.7025146484375,0.0,0.0,0.00016642114139837644,2.293491940909455e-06
1088.70654296875,0.0,0.0,0.00016702467093644138,2.2949815751677365e-06
1088.7352294921875,0.0,0.0,0.00017137317851536812,2.3050612698053053e-06
1088.7393798828125,0.0,0.0,0.00017200973707398592,2.306442441744579e-06
