time, angle, torque
974.407712, 0, 2.282314207e-08
974.833696, 0, 2.273823837e-08
974.837792, 0, 2.273742278e-08
974.944288, 0, 2.271624192e-08
974.948384, 0, 2.27154275e-08
975.214624, 0, 2.266264106e-08
