time, angle, torque
1088.321568, 0, 3.785162401e-08
1088.702496, 0, 3.778933052e-08
1088.706592, 0, 3.778866072e-08
1088.735264, 0, 3.778397281e-08
1088.73936, 0, 3.778330312e-08
