time, angle, torque
1088.321568, 0, 3.687601079e-06
1088.702496, 0, 2.137501361e-06
1088.706592, 0, 2.120991608e-06
1088.735264, 0, 2.011413767e-06
1088.73936, 0, 1.995882265e-06
