time, angle, torque
974.407712, 0, 6.640585056e-07
974.833696, 0, 6.477959582e-07
974.837792, 0, 6.476395915e-07
974.944288, 0, 6.4359926e-07
974.948384, 0, 6.434438915e-07
975.214624, 0, 6.33500063e-07
