time, angle, torque
1088.321568, 0, 1.882326925e-06
1088.702496, 0, 1.842545549e-06
1088.706592, 0, 1.842117822e-06
1088.735264, 0, 1.839128664e-06
1088.73936, 0, 1.838701737e-06
