time, angle, torque
974.407712, 0, 2.812268495e-06
974.833696, 0, 2.714365149e-06
974.837792, 0, 2.713423888e-06
974.944288, 0, 2.689173707e-06
974.948384, 0, 2.688241283e-06
975.214624, 0, 2.628985658e-06
