time, angle, torque
974.407712, 0, 8.159845009e-06
974.833696, 0, 7.360854846e-06
974.837792, 0, 7.353246796e-06
974.944288, 0, 7.161262752e-06
974.948384, 0, 7.153901643e-06
975.214624, 0, 6.708542397e-06
