time, angle, torque
974.407712, 0, 1.066054026e-05
974.833696, 0, 9.78881755e-06
974.837792, 0, 9.780481605e-06
974.944288, 0, 9.568836374e-06
974.948384, 0, 9.560712193e-06
975.214624, 0, 9.062250327e-06
