time, angle, torque
1088.321568, 0, 2.330991589e-05
1088.702496, 0, 2.08264827e-05
1088.706592, 0, 2.080020415e-05
1088.735264, 0, 2.061818893e-05
1088.73936, 0, 2.059225259e-05
