time, angle, torque
974.407712, 0, 1.19308168e-05
974.833696, 0, 1.103837522e-05
974.837792, 0, 1.102983599e-05
974.944288, 0, 1.081256242e-05
974.948384, 0, 1.080422055e-05
975.214624, 0, 1.028978277e-05
