time, angle, torque
1088.321568, 0, 2.690311819e-05
1088.702496, 0, 2.466741952e-05
1088.706592, 0, 2.464388345e-05
1088.735264, 0, 2.448062671e-05
1088.73936, 0, 2.445736779e-05
