time,displacement,angle,force,torque
974.40771484375,0.0,0.0,-4.444777774543747e-05,3.603567697684693e-06
974.8336791992188,0.0,0.0,-0.00010692859864994565,3.24222741840924e-06
974.8377685546875,0.0,0.0,-0.00010750883458793834,3.237554289445639e-06
974.9442749023438,0.0,0.0,-0.00012200086704590484,3.1176706817405745e-06
974.9483642578125,0.0,0.0,-0.00012252947454134558,3.1132190328255476e-06
975.214599609375,0.0,0.0,-0.00015041944939844527,2.889927667903718e-06
