time, angle, torque
974.407712, 0, 6.119750426e-06
974.833696, 0, 3.807168223e-06
974.837792, 0, 3.785112271e-06
974.944288, 0, 3.287385088e-06
974.948384, 0, 3.268358896e-06
975.214624, 0, 2.371652139e-06
