time, angle, torque
1088.321568, 0, 6.46902845e-06
1088.702496, 0, 4.191953436e-06
1088.706592, 0, 4.167669309e-06
1088.735264, 0, 4.004383137e-06
1088.73936, 0, 3.981195363e-06
