time, angle, torque
974.407712, 0, 2.361553421e-06
974.833696, 0, 2.280066113e-06
974.837792, 0, 2.279282754e-06
974.944288, 0, 2.259095998e-06
974.948384, 0, 2.258319826e-06
975.214624, 0, 2.208971924e-06
