time, angle, torque
974.407712, 0, 1.412617861e-05
974.833696, 0, 1.227560122e-05
974.837792, 0, 1.225793596e-05
974.944288, 0, 1.181613299e-05
974.948384, 0, 1.179918764e-05
975.214624, 0, 1.079581853e-05
