time, angle, torque
974.407712, 0, 9.011872468e-06
974.833696, 0, 8.35671211e-06
974.837792, 0, 8.350433701e-06
974.944288, 0, 8.190507863e-06
974.948384, 0, 8.184365361e-06
975.214624, 0, 7.804612725e-06
