time, angle, torque
1088.321568, 0, 2.015006368e-05
1088.702496, 0, 1.861952433e-05
1088.706592, 0, 1.860332004e-05
1088.735264, 0, 1.849078566e-05
1088.73936, 0, 1.8474744e-05
