time, angle, torque
974.407712, 0, 4.524194264e-08
974.833696, 0, 4.506096345e-08
974.837792, 0, 4.505922278e-08
974.944288, 0, 4.501401378e-08
974.948384, 0, 4.501227494e-08
975.214624, 0, 4.489952035e-08
