time, angle, torque
1088.321568, 0, 1.484225304e-06
1088.702496, 0, 1.470534229e-06
1088.706592, 0, 1.470386858e-06
1088.735264, 0, 1.469355864e-06
1088.73936, 0, 1.469208579e-06
