time, angle, torque
1088.321568, 0, 8.425853923e-06
1088.702496, 0, 6.491297644e-06
1088.706592, 0, 6.470598896e-06
1088.735264, 0, 6.328909827e-06
1088.73936, 0, 6.308735829e-06
