time, angle, torque
974.407712, 0, 8.211074155e-06
974.833696, 0, 7.223345189e-06
974.837792, 0, 7.21394061e-06
974.944288, 0, 6.978153937e-06
974.948384, 0, 6.969115031e-06
975.214624, 0, 6.430555919e-06
