time, angle, torque
974.407712, 0, 1.398889783e-05
974.833696, 0, 1.216922786e-05
974.837792, 0, 1.215175631e-05
974.944288, 0, 1.171386825e-05
974.948384, 0, 1.169705061e-05
975.214624, 0, 1.06973467e-05
