time, angle, torque
1088.321568, 0, 2.62056684e-05
1088.702496, 0, 2.376048744e-05
1088.706592, 0, 2.373447591e-05
1088.735264, 0, 2.355399045e-05
1088.73936, 0, 2.352825647e-05
