time, angle, torque
1088.321568, 0, 5.533658489e-06
1088.702496, 0, 3.557331696e-06
1088.706592, 0, 3.536211857e-06
1088.735264, 0, 3.394309052e-06
1088.73936, 0, 3.374157895e-06
