time, angle, torque
974.407712, 0, 6.72321702e-06
974.833696, 0, 5.176576946e-06
974.837792, 0, 5.161750873e-06
974.944288, 0, 4.803080245e-06
974.948384, 0, 4.789325272e-06
975.214624, 0, 4.03597141e-06
