time, angle, torque
974.407712, 0, 9.706496353e-06
974.833696, 0, 8.214503148e-06
974.837792, 0, 8.200450038e-06
974.944288, 0, 7.852906747e-06
974.948384, 0, 7.839619755e-06
975.214624, 0, 7.071198031e-06
