time, angle, torque
974.407712, 0, 1.079993612e-05
974.833696, 0, 9.97090503e-06
974.837792, 0, 9.962966982e-06
974.944288, 0, 9.761047264e-06
974.948384, 0, 9.753293661e-06
975.214624, 0, 9.275503461e-06
