time, angle, torque
1088.321568, 0, 1.56423981e-05
1088.702496, 0, 1.381086872e-05
1088.706592, 0, 1.379138903e-05
1088.735264, 0, 1.365652109e-05
1088.73936, 0, 1.363729704e-05
