time, angle, torque
974.407712, 0, 9.832895028e-06
974.833696, 0, 8.985013479e-06
974.837792, 0, 8.976880328e-06
974.944288, 0, 8.770403532e-06
974.948384, 0, 8.762472144e-06
975.214624, 0, 8.27616966e-06
