time, angle, torque
974.407712, 0, 3.930415028e-08
974.833696, 0, 3.905548942e-08
974.837792, 0, 3.905310143e-08
974.944288, 0, 3.899113013e-08
974.948384, 0, 3.898874749e-08
975.214624, 0, 3.883459855e-08
