time, angle, torque
974.407712, 0, 9.923840355e-07
974.833696, 0, 2.13924137e-07
974.837792, 0, 2.066928619e-07
974.944288, 0, 1.082372659e-07
974.948384, 0, 1.045784694e-07
975.214624, 0, 3.194087677e-08
