time, angle, torque
1088.321568, 0, 9.901789353e-07
1088.702496, 0, 2.327610373e-07
1088.706592, 0, 2.248930501e-07
1088.735264, 0, 1.806518239e-07
1088.73936, 0, 1.745452699e-07
