time, angle, torque
974.407712, 0, 1.451788094e-07
974.833696, 0, 6.969388587e-09
974.837792, 0, 5.853284596e-09
974.944288, 0, 9.824774752e-10
974.948384, 0, 8.252235569e-10
975.214624, 0, 6.160429368e-11
