time, angle, torque
1088.321568, 0, 1.346788705e-07
1088.702496, 0, 7.189229265e-09
1088.706592, 0, 6.037919025e-09
1088.735264, 0, 2.586098731e-09
1088.73936, 0, 2.171951217e-09
