time, angle, torque
974.407712, 0, 6.904642538e-06
974.833696, 0, 5.852132612e-06
974.837792, 0, 5.842048188e-06
974.944288, 0, 5.591279606e-06
974.948384, 0, 5.581655145e-06
975.214624, 0, 5.019795094e-06
