time, angle, torque
1088.321568, 0, 9.675984079e-06
1088.702496, 0, 8.329486155e-06
1088.706592, 0, 8.315078404e-06
1088.735264, 0, 8.215472812e-06
1088.73936, 0, 8.201271823e-06
