time, angle, torque
974.407712, 0, 1.459570884e-06
974.833696, 0, 1.418610235e-06
974.837792, 0, 1.418216415e-06
974.944288, 0, 1.408050349e-06
974.948384, 0, 1.407659436e-06
975.214624, 0, 1.382699376e-06
