time, angle, torque
974.407712, 0, 5.561505828e-06
974.833696, 0, 4.915931342e-06
974.837792, 0, 4.909801067e-06
974.944288, 0, 4.756058716e-06
974.948384, 0, 4.750168459e-06
975.214624, 0, 4.398800348e-06
