time, angle, torque
1088.321568, 0, 9.589578926e-06
1088.702496, 0, 8.44110724e-06
1088.706592, 0, 8.429113612e-06
1088.735264, 0, 8.346266887e-06
1088.73936, 0, 8.334476746e-06
