time, angle, torque
974.407712, 0, 1.139249351e-05
974.833696, 0, 9.822824733e-06
974.837792, 0, 9.807892027e-06
974.944288, 0, 9.435603169e-06
974.948384, 0, 9.421336003e-06
975.214624, 0, 8.58224831e-06
