time, angle, torque
974.407712, 0, 1.650936878e-06
974.833696, 0, 1.607315213e-06
974.837792, 0, 1.606895887e-06
974.944288, 0, 1.596066989e-06
974.948384, 0, 1.595650603e-06
975.214624, 0, 1.569037245e-06
