time, angle, torque
974.407712, 0, 6.281329823e-06
974.833696, 0, 5.900313964e-06
974.837792, 0, 5.896654597e-06
974.944288, 0, 5.803046007e-06
974.948384, 0, 5.79944838e-06
975.214624, 0, 5.574793868e-06
