time, angle, torque
1088.321568, 0, 1.508871391e-05
1088.702496, 0, 1.421460767e-05
1088.706592, 0, 1.420525769e-05
1088.735264, 0, 1.414014527e-05
1088.73936, 0, 1.413085336e-05
