time, angle, torque
974.407712, 0, 2.622727186e-06
974.833696, 0, 1.368575435e-06
974.837792, 0, 1.356659752e-06
974.944288, 0, 1.104598504e-06
974.948384, 0, 1.094990875e-06
975.214624, 0, 6.974417501e-07
