time, angle, torque
1088.321568, 0, 2.705450635e-06
1088.702496, 0, 1.486994262e-06
1088.706592, 0, 1.4740491e-06
1088.735264, 0, 1.388707045e-06
1088.73936, 0, 1.376623524e-06
