time, angle, torque
1088.321568, 0, 1.610827913e-05
1088.702496, 0, 1.483087516e-05
1088.706592, 0, 1.481726403e-05
1088.735264, 0, 1.472269007e-05
1088.73936, 0, 1.470920153e-05
