time, angle, torque
1088.321568, 0, 1.584295319e-05
1088.702496, 0, 1.357417148e-05
1088.706592, 0, 1.354989134e-05
1088.735264, 0, 1.338209423e-05
1088.73936, 0, 1.335817198e-05
