time, angle, torque
974.407712, 0, 8.347169046e-06
974.833696, 0, 6.145766267e-06
974.837792, 0, 6.12479546e-06
974.944288, 0, 5.625013802e-06
974.948384, 0, 5.605878012e-06
975.214624, 0, 4.590512904e-06
