time, angle, torque
974.407712, 0, 7.654317693e-06
974.833696, 0, 7.159783026e-06
974.837792, 0, 7.15503362e-06
974.944288, 0, 7.033674807e-06
974.948384, 0, 7.029010867e-06
975.214624, 0, 6.738549816e-06
