time, angle, torque
974.407712, 0, 9.998060844e-06
974.833696, 0, 9.183882128e-06
974.837792, 0, 9.176062986e-06
974.944288, 0, 8.977198871e-06
974.948384, 0, 8.969557424e-06
975.214624, 0, 8.499064744e-06
