time, angle, torque
1088.321568, 0, 1.553586343e-06
1088.702496, 0, 1.502064985e-06
1088.706592, 0, 1.501511531e-06
1088.735264, 0, 1.497647604e-06
1088.73936, 0, 1.497095848e-06
