time, angle, torque
1088.321568, 0, 1.466281675e-05
1088.702496, 0, 1.380541036e-05
1088.706592, 0, 1.379633823e-05
1088.735264, 0, 1.37332488e-05
1088.73936, 0, 1.372425434e-05
