time, angle, torque
1088.321568, 0, 4.016221941e-06
1088.702496, 0, 3.895446439e-06
1088.706592, 0, 3.894148228e-06
1088.735264, 0, 3.88508198e-06
1088.73936, 0, 3.883787235e-06
