time, angle, torque
974.407712, 0, 5.410610032e-06
974.833696, 0, 3.895332541e-06
974.837792, 0, 3.88082972e-06
974.944288, 0, 3.537233037e-06
974.948384, 0, 3.524069204e-06
975.214624, 0, 2.835823119e-06
