time, angle, torque
1088.321568, 0, 6.027378738e-06
1088.702496, 0, 4.471004803e-06
1088.706592, 0, 4.4543493e-06
1088.735264, 0, 4.340747049e-06
1088.73936, 0, 4.324579898e-06
