time, angle, torque
974.407712, 0, 1.514387507e-06
974.833696, 0, 1.459244704e-06
974.837792, 0, 1.458714559e-06
974.944288, 0, 1.445060865e-06
974.948384, 0, 1.444535883e-06
975.214624, 0, 1.411204933e-06
