time, angle, torque
974.407712, 0, 3.435331151e-06
974.833696, 0, 3.31726754e-06
974.837792, 0, 3.316132463e-06
974.944288, 0, 3.286880579e-06
974.948384, 0, 3.285755831e-06
975.214624, 0, 3.214236665e-06
