time, angle, torque
1088.321568, 0, 9.570669993e-06
1088.702496, 0, 7.274955248e-06
1088.706592, 0, 7.250404059e-06
1088.735264, 0, 7.082563634e-06
1088.73936, 0, 7.05867113e-06
