time, angle, torque
974.407712, 0, 7.642359477e-07
974.833696, 0, 7.494462715e-07
974.837792, 0, 7.493039526e-07
974.944288, 0, 7.456211081e-07
974.948384, 0, 7.454794526e-07
975.214624, 0, 7.363792646e-07
