time, angle, torque
1088.321568, 0, 2.172848438e-06
1088.702496, 0, 2.138218826e-06
1088.706592, 0, 2.137846577e-06
1088.735264, 0, 2.13524407e-06
1088.73936, 0, 2.134872352e-06
