time, angle, torque
1088.321568, 0, 8.7822834e-07
1088.702496, 0, 8.696752376e-07
1088.706592, 0, 8.695832787e-07
1088.735264, 0, 8.689400387e-07
1088.73936, 0, 8.68848157e-07
