time, angle, torque
1088.321568, 0, 7.907238879e-06
1088.702496, 0, 7.591307753e-06
1088.706592, 0, 7.587944271e-06
1088.735264, 0, 7.564502642e-06
1088.73936, 0, 7.5611582e-06
