time, angle, torque
974.407712, 0, 8.989081477e-06
974.833696, 0, 8.219328943e-06
974.837792, 0, 8.211986067e-06
974.944288, 0, 8.025921735e-06
974.948384, 0, 8.018783918e-06
975.214624, 0, 7.582765869e-06
