time, angle, torque
1088.321568, 0, 4.484731614e-07
1088.702496, 0, 4.46772799e-07
1088.706592, 0, 4.467544787e-07
1088.735264, 0, 4.466263337e-07
1088.73936, 0, 4.466080256e-07
