time, angle, torque
974.407712, 0, 5.711060793e-06
974.833696, 0, 5.390485662e-06
974.837792, 0, 5.38740503e-06
974.944288, 0, 5.308482799e-06
974.948384, 0, 5.305449077e-06
975.214624, 0, 5.115328603e-06
