time, angle, torque
1088.321568, 0, 1.268432649e-05
1088.702496, 0, 1.090475095e-05
1088.706592, 0, 1.088599997e-05
1088.735264, 0, 1.075659175e-05
1088.73936, 0, 1.073816563e-05
