time, angle, torque
974.407712, 0, 4.368031618e-07
974.833696, 0, 4.290389837e-07
974.837792, 0, 4.289643305e-07
974.944288, 0, 4.270320884e-07
974.948384, 0, 4.269577818e-07
975.214624, 0, 4.221816991e-07
