time, angle, torque
974.407712, 0, 8.861918881e-07
974.833696, 0, 8.658910104e-07
974.837792, 0, 8.656956713e-07
974.944288, 0, 8.606455235e-07
974.948384, 0, 8.604512849e-07
975.214624, 0, 8.480022241e-07
