time, angle, torque
1088.321568, 0, 2.570960744e-06
1088.702496, 0, 2.51836197e-06
1088.706592, 0, 2.517797126e-06
1088.735264, 0, 2.513850217e-06
1088.73936, 0, 2.513286558e-06
