time, angle, torque
1088.321568, 0, 8.37685287e-06
1088.702496, 0, 7.608157802e-06
1088.706592, 0, 7.600129033e-06
1088.735264, 0, 7.54453389e-06
1088.73936, 0, 7.536619599e-06
