time, angle, torque
974.407712, 0, 2.48859091e-06
974.833696, 0, 2.389616418e-06
974.837792, 0, 2.388665108e-06
974.944288, 0, 2.364192125e-06
974.948384, 0, 2.36325122e-06
975.214624, 0, 2.303674813e-06
