time, angle, torque
1088.321568, 0, 1.125959352e-05
1088.702496, 0, 8.894827218e-06
1088.706592, 0, 8.869950478e-06
1088.735264, 0, 8.699545584e-06
1088.73936, 0, 8.675307148e-06
