time, angle, torque
1088.321568, 0, 2.108612527e-05
1088.702496, 0, 1.894678281e-05
1088.706592, 0, 1.892395667e-05
1088.735264, 0, 1.876563475e-05
1088.73936, 0, 1.874305724e-05
