time, angle, torque
974.407712, 0, 2.765494479e-06
974.833696, 0, 2.678072865e-06
974.837792, 0, 2.677232354e-06
974.944288, 0, 2.6555558e-06
974.948384, 0, 2.654722302e-06
975.214624, 0, 2.601626727e-06
