time, angle, torque
1088.321568, 0, 7.833514996e-06
1088.702496, 0, 7.607530195e-06
1088.706592, 0, 7.605103908e-06
1088.735264, 0, 7.588160956e-06
1088.73936, 0, 7.585741574e-06
