time, angle, torque
974.407712, 0, 4.437595423e-06
974.833696, 0, 2.459707252e-06
974.837792, 0, 2.440844469e-06
974.944288, 0, 2.032509307e-06
974.948384, 0, 2.016925324e-06
975.214624, 0, 1.342671051e-06
