time, angle, torque
974.407712, 0, 1.322965022e-05
974.833696, 0, 1.203739555e-05
974.837792, 0, 1.202594984e-05
974.944288, 0, 1.173562153e-05
974.948384, 0, 1.172446738e-05
975.214624, 0, 1.104203515e-05
