time, angle, torque
1088.321568, 0, 2.542086774e-05
1088.702496, 0, 2.331493415e-05
1088.706592, 0, 2.329236987e-05
1088.735264, 0, 2.313553386e-05
1088.73936, 0, 2.311315541e-05
