time, angle, torque
1088.321568, 0, 2.259327092e-05
1088.702496, 0, 2.009842968e-05
1088.706592, 0, 2.007247713e-05
1088.735264, 0, 1.989314076e-05
1088.73936, 0, 1.986762511e-05
