time, angle, torque
974.407712, 0, 1.999015574e-06
974.833696, 0, 1.94107213e-06
974.837792, 0, 1.940515028e-06
974.944288, 0, 1.926137559e-06
974.948384, 0, 1.92558471e-06
975.214624, 0, 1.890306606e-06
