time, angle, torque
974.407712, 0, 8.190063381e-07
974.833696, 0, 8.058508121e-07
974.837792, 0, 8.057243248e-07
974.944288, 0, 8.024489929e-07
974.948384, 0, 8.023230357e-07
975.214624, 0, 7.942181423e-07
