time, angle, torque
974.407712, 0, 2.203797216e-07
974.833696, 0, 2.180590009e-07
974.837792, 0, 2.180366939e-07
974.944288, 0, 2.174582692e-07
974.948384, 0, 2.174360257e-07
975.214624, 0, 2.159999431e-07
