time, angle, torque
1088.321568, 0, 5.943084314e-07
1088.702496, 0, 5.893325496e-07
1088.706592, 0, 5.892790317e-07
1088.735264, 0, 5.889046345e-07
1088.73936, 0, 5.888511524e-07
