time, angle, torque
974.407712, 0, 2.645318426e-07
974.833696, 0, 2.619284691e-07
974.837792, 0, 2.619034045e-07
974.944288, 0, 2.612530602e-07
974.948384, 0, 2.612280407e-07
975.214624, 0, 2.596099313e-07
