time, angle, torque
1088.321568, 0, 7.720343728e-07
1088.702496, 0, 7.677002801e-07
1088.706592, 0, 7.676535184e-07
1088.735264, 0, 7.673260472e-07
1088.73936, 0, 7.672792512e-07
