time, angle, torque
974.407712, 0, 2.045273383e-06
974.833696, 0, 1.868931385e-06
974.837792, 0, 1.867240837e-06
974.944288, 0, 1.824330179e-06
974.948384, 0, 1.822682076e-06
975.214624, 0, 1.721669514e-06
