time, angle, torque
974.407712, 0, 5.755697558e-06
974.833696, 0, 5.450349998e-06
974.837792, 0, 5.447417129e-06
974.944288, 0, 5.372238093e-06
974.948384, 0, 5.369348526e-06
975.214624, 0, 5.187996931e-06
