time, angle, torque
1088.321568, 0, 1.471261041e-05
1088.702496, 0, 1.393739012e-05
1088.706592, 0, 1.392911329e-05
1088.735264, 0, 1.387146344e-05
1088.73936, 0, 1.386323739e-05
