time, angle, torque
974.407712, 0, 8.769441828e-06
974.833696, 0, 8.166868727e-06
974.837792, 0, 8.161082563e-06
974.944288, 0, 8.013400928e-06
974.948384, 0, 8.00772576e-06
975.214624, 0, 7.655278942e-06
