time, angle, torque
1088.321568, 0, 7.806416152e-06
1088.702496, 0, 6.792130602e-06
1088.706592, 0, 6.781299414e-06
1088.735264, 0, 6.706369473e-06
1088.73936, 0, 6.695687061e-06
