time, angle, torque
974.407712, 0, 1.302411175e-05
974.833696, 0, 1.196701538e-05
974.837792, 0, 1.195685959e-05
974.944288, 0, 1.169851426e-05
974.948384, 0, 1.168858633e-05
975.214624, 0, 1.107703409e-05
