time, angle, torque
974.407712, 0, 6.330255981e-06
974.833696, 0, 5.74201705e-06
974.837792, 0, 5.736394228e-06
974.944288, 0, 5.594106408e-06
974.948384, 0, 5.588645558e-06
975.214624, 0, 5.256223115e-06
