time, angle, torque
974.407712, 0, 8.001507091e-06
974.833696, 0, 6.653312807e-06
974.837792, 0, 6.640493902e-06
974.944288, 0, 6.324102776e-06
974.948384, 0, 6.311982116e-06
975.214624, 0, 5.615487374e-06
