time, angle, torque
1088.321568, 0, 1.08003152e-05
1088.702496, 0, 9.102216699e-06
1088.706592, 0, 9.084260111e-06
1088.735264, 0, 8.96049469e-06
1088.73936, 0, 8.942870402e-06
