time, angle, torque
1088.321568, 0, 9.509322618e-06
1088.702496, 0, 7.612320237e-06
1088.706592, 0, 7.592074876e-06
1088.735264, 0, 7.453032507e-06
1088.73936, 0, 7.433229783e-06
