time, angle, torque
974.407712, 0, 2.74527473e-06
974.833696, 0, 1.838878868e-06
974.837792, 0, 1.830206976e-06
974.944288, 0, 1.629484115e-06
974.948384, 0, 1.62180067e-06
975.214624, 0, 1.239994496e-06
