time, angle, torque
1088.321568, 0, 1.466153621e-05
1088.702496, 0, 1.343140449e-05
1088.706592, 0, 1.341824658e-05
1088.735264, 0, 1.332681887e-05
1088.73936, 0, 1.331377542e-05
