time, angle, torque
974.407712, 0, 6.261138913e-06
974.833696, 0, 5.147291292e-06
974.837792, 0, 5.13674616e-06
974.944288, 0, 4.877653186e-06
974.948384, 0, 4.867737498e-06
975.214624, 0, 4.303221726e-06
