time, angle, torque
1088.321568, 0, 8.266055424e-06
1088.702496, 0, 6.895270793e-06
1088.706592, 0, 6.880852246e-06
1088.735264, 0, 6.781625482e-06
1088.73936, 0, 6.767503294e-06
