time, angle, torque
974.407712, 0, 7.11713956e-06
974.833696, 0, 6.272244061e-06
974.837792, 0, 6.264134386e-06
974.944288, 0, 6.060180322e-06
974.948384, 0, 6.052346929e-06
975.214624, 0, 5.582837116e-06
