time, angle, torque
974.407712, 0, 2.845170669e-06
974.833696, 0, 2.756419169e-06
974.837792, 0, 2.755565855e-06
974.944288, 0, 2.733557595e-06
974.948384, 0, 2.732711339e-06
975.214624, 0, 2.678790486e-06
