time, angle, torque
1088.321568, 0, 8.0649185e-06
1088.702496, 0, 7.833652971e-06
1088.706592, 0, 7.831171045e-06
1088.735264, 0, 7.813840335e-06
1088.73936, 0, 7.811365673e-06
