time, angle, torque
1088.321568, 0, 1.287121079e-05
1088.702496, 0, 1.035338226e-05
1088.706592, 0, 1.032682606e-05
1088.735264, 0, 1.014458197e-05
1088.73936, 0, 1.011864895e-05
