time, angle, torque
974.407712, 0, 2.38271562e-06
974.833696, 0, 2.301066576e-06
974.837792, 0, 2.300281754e-06
974.944288, 0, 2.280055803e-06
974.948384, 0, 2.279278146e-06
975.214624, 0, 2.22982717e-06
