time, angle, torque
1088.321568, 0, 2.006755422e-05
1088.702496, 0, 1.865483918e-05
1088.706592, 0, 1.863978385e-05
1088.735264, 0, 1.85350955e-05
1088.73936, 0, 1.852016277e-05
