time, angle, torque
974.407712, 0, 8.191187924e-06
974.833696, 0, 7.617077893e-06
974.837792, 0, 7.611584522e-06
974.944288, 0, 7.471639607e-06
974.948384, 0, 7.466266417e-06
975.214624, 0, 7.133917252e-06
