time, angle, torque
1088.321568, 0, 4.583634461e-06
1088.702496, 0, 4.470790314e-06
1088.706592, 0, 4.469577375e-06
1088.735264, 0, 4.461103026e-06
1088.73936, 0, 4.459892744e-06
