time, angle, torque
974.407712, 0, 9.994747487e-06
974.833696, 0, 8.880595562e-06
974.837792, 0, 8.86996939e-06
974.944288, 0, 8.602704037e-06
974.948384, 0, 8.592453634e-06
975.214624, 0, 7.977268784e-06
