time, angle, torque
1088.321568, 0, 1.739381354e-05
1088.702496, 0, 1.545802687e-05
1088.706592, 0, 1.543762199e-05
1088.735264, 0, 1.529641005e-05
1088.73936, 0, 1.527629576e-05
