time, angle, torque
974.407712, 0, 9.321866612e-06
974.833696, 0, 8.07561974e-06
974.837792, 0, 8.063867595e-06
974.944288, 0, 7.771340091e-06
974.948384, 0, 7.760152172e-06
975.214624, 0, 7.103589531e-06
