time, angle, torque
1088.321568, 0, 1.496471567e-05
1088.702496, 0, 1.289191521e-05
1088.706592, 0, 1.28704669e-05
1088.735264, 0, 1.272271841e-05
1088.73936, 0, 1.270171289e-05
