time, angle, torque
974.407712, 0, 9.918209076e-07
974.833696, 0, 9.683178098e-07
974.837792, 0, 9.68091858e-07
974.944288, 0, 9.622526513e-07
974.948384, 0, 9.620281162e-07
975.214624, 0, 9.476515016e-07
