time, angle, torque
1088.321568, 0, 2.857042723e-06
1088.702496, 0, 2.796627722e-06
1088.706592, 0, 2.795978382e-06
1088.735264, 0, 2.791440735e-06
1088.73936, 0, 2.790792666e-06
