time, angle, torque
1088.321568, 0, 2.427796674e-05
1088.702496, 0, 2.219099245e-05
1088.706592, 0, 2.216918899e-05
1088.735264, 0, 2.201813117e-05
1088.73936, 0, 2.19966254e-05
