time, angle, torque
1088.321568, 0, 7.485267952e-06
1088.702496, 0, 6.909279979e-06
1088.706592, 0, 6.903181617e-06
1088.735264, 0, 6.860831349e-06
1088.73936, 0, 6.85479438e-06
