time, angle, torque
1088.321568, 0, 1.826524464e-05
1088.702496, 0, 1.55853055e-05
1088.706592, 0, 1.555654221e-05
1088.735264, 0, 1.535777202e-05
1088.73936, 0, 1.532942869e-05
