time, angle, torque
974.407712, 0, 4.305645952e-06
974.833696, 0, 4.132149314e-06
974.837792, 0, 4.130481809e-06
974.944288, 0, 4.087577938e-06
974.948384, 0, 4.085928471e-06
975.214624, 0, 3.981458686e-06
