time, angle, torque
1088.321568, 0, 1.179325454e-05
1088.702496, 0, 1.136151821e-05
1088.706592, 0, 1.135687987e-05
1088.735264, 0, 1.132450572e-05
1088.73936, 0, 1.131988291e-05
