time, angle, torque
974.407712, 0, 6.226617271e-06
974.833696, 0, 4.89692227e-06
974.837792, 0, 4.884302586e-06
974.944288, 0, 4.577851148e-06
974.948384, 0, 4.566120537e-06
975.214624, 0, 3.916289265e-06
