time, angle, torque
1088.321568, 0, 7.554409154e-06
1088.702496, 0, 6.06313142e-06
1088.706592, 0, 6.047353497e-06
1088.735264, 0, 5.939059501e-06
1088.73936, 0, 5.923646088e-06
