time, angle, torque
974.407712, 0, 1.374040909e-05
974.833696, 0, 1.18054628e-05
974.837792, 0, 1.178719245e-05
974.944288, 0, 1.133319463e-05
974.948384, 0, 1.131582671e-05
975.214624, 0, 1.030081545e-05
