time, angle, torque
974.407712, 0, 8.743530162e-06
974.833696, 0, 6.716400748e-06
974.837792, 0, 6.696997959e-06
974.944288, 0, 6.228102335e-06
974.948384, 0, 6.210126e-06
975.214624, 0, 5.227485859e-06
