time, angle, torque
1088.321568, 0, 1.025284736e-05
1088.702496, 0, 8.071357419e-06
1088.706592, 0, 8.048016726e-06
1088.735264, 0, 7.887920559e-06
1088.73936, 0, 7.865119536e-06
