time, angle, torque
1088.321568, 0, 7.813966766e-06
1088.702496, 0, 7.580987576e-06
1088.706592, 0, 7.578494315e-06
1088.735264, 0, 7.561092151e-06
1088.73936, 0, 7.558607948e-06
