time, angle, torque
1088.321568, 0, 5.740603596e-06
1088.702496, 0, 4.55153634e-06
1088.706592, 0, 4.538843822e-06
1088.735264, 0, 4.45174763e-06
1088.73936, 0, 4.439344459e-06
