time, angle, torque
974.407712, 0, 9.861951521e-06
974.833696, 0, 8.297418814e-06
974.837792, 0, 8.2824028e-06
974.944288, 0, 7.909565623e-06
974.948384, 0, 7.89525174e-06
975.214624, 0, 7.062951316e-06
