time, angle, torque
974.407712, 0, 4.890794668e-06
974.833696, 0, 4.111835817e-06
974.837792, 0, 4.104384409e-06
974.944288, 0, 3.919586412e-06
974.948384, 0, 3.91249695e-06
975.214624, 0, 3.50108841e-06
