time, angle, torque
1088.321568, 0, 5.725980386e-07
1088.702496, 0, 1.253452964e-07
1088.706592, 0, 1.207142827e-07
1088.735264, 0, 9.515970937e-08
1088.73936, 0, 9.16439164e-08
