time, angle, torque
1088.321568, 0, 2.262929651e-05
1088.702496, 0, 2.034449946e-05
1088.706592, 0, 2.032074436e-05
1088.735264, 0, 2.015645558e-05
1088.73936, 0, 2.013307955e-05
