time, angle, torque
1088.321568, 0, 1.436915082e-05
1088.702496, 0, 1.371603908e-05
1088.706592, 0, 1.37090836e-05
1088.735264, 0, 1.366062687e-05
1088.73936, 0, 1.365371366e-05
