time, angle, torque
1088.321568, 0, 1.802833962e-06
1088.702496, 0, 1.006125274e-06
1088.706592, 0, 9.976329598e-07
1088.735264, 0, 9.415315313e-07
1088.73936, 0, 9.335847716e-07
