time, angle, torque
1088.321568, 0, 1.22391922e-05
1088.702496, 0, 9.738241329e-06
1088.706592, 0, 9.711877952e-06
1088.735264, 0, 9.531143556e-06
1088.73936, 0, 9.505429624e-06
