time, angle, torque
974.407712, 0, 8.812739683e-06
974.833696, 0, 8.274789071e-06
974.837792, 0, 8.269633924e-06
974.944288, 0, 8.13790147e-06
974.948384, 0, 8.132841393e-06
975.214624, 0, 7.817585027e-06
