time, angle, torque
1088.321568, 0, 1.25747715e-05
1088.702496, 0, 1.176357854e-05
1088.706592, 0, 1.175503779e-05
1088.735264, 0, 1.169570872e-05
1088.73936, 0, 1.168725461e-05
