time, angle, torque
1088.321568, 0, 2.6960631e-05
1088.702496, 0, 2.498580932e-05
1088.706592, 0, 2.496471554e-05
1088.735264, 0, 2.481803029e-05
1088.73936, 0, 2.479710357e-05
