time, angle, torque
974.407712, 0, 1.17800589e-05
974.833696, 0, 9.848895785e-06
974.837792, 0, 9.830706689e-06
974.944288, 0, 9.382394542e-06
974.948384, 0, 9.365255717e-06
975.214624, 0, 8.381544713e-06
