time, angle, torque
1088.321568, 0, 1.645449205e-05
1088.702496, 0, 1.385581313e-05
1088.706592, 0, 1.382876068e-05
1088.735264, 0, 1.364264276e-05
1088.73936, 0, 1.361617437e-05
