time, angle, torque
974.407712, 0, 1.09405901e-05
974.833696, 0, 1.009619812e-05
974.837792, 0, 1.008814313e-05
974.944288, 0, 9.883573879e-06
974.948384, 0, 9.87572566e-06
975.214624, 0, 9.393708193e-06
