time, angle, torque
1088.321568, 0, 1.721661794e-05
1088.702496, 0, 1.620252745e-05
1088.706592, 0, 1.619168481e-05
1088.735264, 0, 1.611618704e-05
1088.73936, 0, 1.610541361e-05
