time, angle, torque
1088.321568, 0, 1.941402278e-06
1088.702496, 0, 1.040033258e-06
1088.706592, 0, 1.030442622e-06
1088.735264, 0, 9.674221362e-07
1088.73936, 0, 9.5850276e-07
