time, angle, torque
974.407712, 0, 5.506510573e-06
974.833696, 0, 5.030116683e-06
974.837792, 0, 5.025548642e-06
974.944288, 0, 4.909608513e-06
974.948384, 0, 4.905155293e-06
975.214624, 0, 4.632258384e-06
