time, angle, torque
1088.321568, 0, 1.095715734e-05
1088.702496, 0, 1.004910004e-05
1088.706592, 0, 1.00394217e-05
1088.735264, 0, 9.972193394e-06
1088.73936, 0, 9.962605174e-06
