time, angle, torque
974.407712, 0, 4.8079713e-06
974.833696, 0, 4.58604657e-06
974.837792, 0, 4.583913681e-06
974.944288, 0, 4.52912316e-06
974.948384, 0, 4.527016813e-06
975.214624, 0, 4.394132591e-06
