time, angle, torque
1088.321568, 0, 1.267480963e-05
1088.702496, 0, 1.214157811e-05
1088.706592, 0, 1.213585296e-05
1088.735264, 0, 1.209591417e-05
1088.73936, 0, 1.209021184e-05
