time, angle, torque
1088.321568, 0, 9.763261132e-06
1088.702496, 0, 7.839897517e-06
1088.706592, 0, 7.819307979e-06
1088.735264, 0, 7.677819744e-06
1088.73936, 0, 7.657663146e-06
