time, angle, torque
1088.321568, 0, 4.645895168e-06
1088.702496, 0, 2.855618549e-06
1088.706592, 0, 2.836555778e-06
1088.735264, 0, 2.709152475e-06
1088.73936, 0, 2.69107689e-06
