time, angle, torque
974.407712, 0, 1.189401041e-05
974.833696, 0, 9.949986608e-06
974.837792, 0, 9.931686347e-06
974.944288, 0, 9.480585986e-06
974.948384, 0, 9.463342852e-06
975.214624, 0, 8.473403758e-06
