time, angle, torque
974.407712, 0, 1.461377813e-05
974.833696, 0, 1.296706071e-05
974.837792, 0, 1.295146288e-05
974.944288, 0, 1.256021982e-05
974.948384, 0, 1.254523897e-05
975.214624, 0, 1.165094453e-05
