time, angle, torque
974.407712, 0, 1.320070832e-05
974.833696, 0, 1.145459495e-05
974.837792, 0, 1.143788784e-05
974.944288, 0, 1.101990961e-05
974.948384, 0, 1.100386961e-05
975.214624, 0, 1.005377911e-05
