time, angle, torque
974.407712, 0, 8.74882848e-06
974.833696, 0, 8.198725534e-06
974.837792, 0, 8.193448315e-06
974.944288, 0, 8.05859869e-06
974.948384, 0, 8.053417603e-06
975.214624, 0, 7.730687079e-06
