time, angle, torque
974.407712, 0, 1.301900984e-05
974.833696, 0, 1.189315116e-05
974.837792, 0, 1.188242624e-05
974.944288, 0, 1.161088021e-05
974.948384, 0, 1.160046668e-05
975.214624, 0, 1.096542927e-05
