time, angle, torque
974.407712, 0, 2.313749475e-06
974.833696, 0, 2.210902621e-06
974.837792, 0, 2.209914261e-06
974.944288, 0, 2.184515305e-06
974.948384, 0, 2.183538884e-06
975.214624, 0, 2.121880411e-06
