time, angle, torque
1088.321568, 0, 6.211149719e-06
1088.702496, 0, 5.947442396e-06
1088.706592, 0, 5.944618053e-06
1088.735264, 0, 5.92492228e-06
1088.73936, 0, 5.922110813e-06
