time, angle, torque
974.407712, 0, 4.49286001e-06
974.833696, 0, 4.312991208e-06
974.837792, 0, 4.311262893e-06
974.944288, 0, 4.266806304e-06
974.948384, 0, 4.265097249e-06
975.214624, 0, 4.156907618e-06
