time, angle, torque
1088.321568, 0, 3.445253621e-06
1088.702496, 0, 1.719774389e-06
1088.706592, 0, 1.701427795e-06
1088.735264, 0, 1.582020331e-06
1088.73936, 0, 1.565144342e-06
