time, angle, torque
974.407712, 0, 1.396945283e-05
974.833696, 0, 1.258956757e-05
974.837792, 0, 1.257631938e-05
974.944288, 0, 1.224110311e-05
974.948384, 0, 1.222822513e-05
975.214624, 0, 1.144504783e-05
