time, angle, torque
974.407712, 0, 1.006050148e-05
974.833696, 0, 9.164108671e-06
974.837792, 0, 9.155506359e-06
974.944288, 0, 8.937269204e-06
974.948384, 0, 8.92888536e-06
975.214624, 0, 8.415724319e-06
