time, angle, torque
1088.321568, 0, 1.951314359e-05
1088.702496, 0, 1.789844564e-05
1088.706592, 0, 1.788117185e-05
1088.735264, 0, 1.776113005e-05
1088.73936, 0, 1.774400396e-05
