time, angle, torque
974.407712, 0, 5.013147717e-08
974.833696, 0, 4.979814004e-08
974.837792, 0, 4.979493914e-08
974.944288, 0, 4.971188058e-08
974.948384, 0, 4.970868726e-08
975.214624, 0, 4.950214665e-08
