time, angle, torque
974.407712, 0, 6.642892708e-06
974.833696, 0, 6.103944123e-06
974.837792, 0, 6.098788848e-06
974.944288, 0, 5.967859473e-06
974.948384, 0, 5.962833274e-06
975.214624, 0, 5.65423826e-06
