time, angle, torque
1088.321568, 0, 1.245101781e-05
1088.702496, 0, 1.189242727e-05
1088.706592, 0, 1.188645217e-05
1088.735264, 0, 1.184479923e-05
1088.73936, 0, 1.183885431e-05
