time, angle, torque
974.407712, 0, 1.106089885e-06
974.833696, 0, 1.080905614e-06
974.837792, 0, 1.080663496e-06
974.944288, 0, 1.074404881e-06
974.948384, 0, 1.074164215e-06
975.214624, 0, 1.058745276e-06
