time, angle, torque
1088.321568, 0, 3.172638465e-06
1088.702496, 0, 3.109120097e-06
1088.706592, 0, 3.108437253e-06
1088.735264, 0, 3.103664789e-06
1088.73936, 0, 3.102983159e-06
