time, angle, torque
974.407712, 0, 3.560716033e-06
974.833696, 0, 3.352141427e-06
974.837792, 0, 3.350139412e-06
974.944288, 0, 3.298913248e-06
974.948384, 0, 3.296944737e-06
975.214624, 0, 3.173929771e-06
