time, angle, torque
974.407712, 0, 3.211496108e-06
974.833696, 0, 1.651809946e-06
974.837792, 0, 1.636964596e-06
974.944288, 0, 1.324691942e-06
974.948384, 0, 1.312790699e-06
975.214624, 0, 8.260976818e-07
