time, angle, torque
1088.321568, 0, 3.308160337e-06
1088.702496, 0, 1.793573835e-06
1088.706592, 0, 1.777453343e-06
1088.735264, 0, 1.671356482e-06
1088.73936, 0, 1.65633698e-06
