time, angle, torque
974.407712, 0, 2.51158427e-06
974.833696, 0, 2.368117042e-06
974.837792, 0, 2.36673847e-06
974.944288, 0, 2.331431765e-06
974.948384, 0, 2.330074634e-06
975.214624, 0, 2.245086658e-06
