time, angle, torque
1088.321568, 0, 6.141781763e-06
1088.702496, 0, 5.822359026e-06
1088.706592, 0, 5.818929128e-06
1088.735264, 0, 5.795020861e-06
1088.73936, 0, 5.791607646e-06
