time, angle, torque
1088.321568, 0, 1.785461418e-05
1088.702496, 0, 1.519257701e-05
1088.706592, 0, 1.516401118e-05
1088.735264, 0, 1.496665694e-05
1088.73936, 0, 1.493851685e-05
