time, angle, torque
1088.321568, 0, 1.344730059e-05
1088.702496, 0, 1.183324988e-05
1088.706592, 0, 1.181644115e-05
1088.735264, 0, 1.170037016e-05
1088.73936, 0, 1.168385582e-05
