time, angle, torque
974.407712, 0, 1.147875129e-05
974.833696, 0, 9.232753109e-06
974.837792, 0, 9.211215187e-06
974.944288, 0, 8.683380339e-06
974.948384, 0, 8.663127942e-06
975.214624, 0, 7.520589261e-06
