time, angle, torque
974.407712, 0, 5.658374418e-06
974.833696, 0, 5.296883947e-06
974.837792, 0, 5.293417617e-06
974.944288, 0, 5.204880004e-06
974.948384, 0, 5.201478661e-06
975.214624, 0, 4.989824534e-06
