time, angle, torque
974.407712, 0, 8.58585821e-06
974.833696, 0, 7.939876973e-06
974.837792, 0, 7.93367121e-06
974.944288, 0, 7.775544099e-06
974.948384, 0, 7.769467217e-06
975.214624, 0, 7.393614743e-06
