time, angle, torque
1088.321568, 0, 1.831863908e-05
1088.702496, 0, 1.706768676e-05
1088.706592, 0, 1.705425396e-05
1088.735264, 0, 1.69607461e-05
1088.73936, 0, 1.694739901e-05
