time, angle, torque
1088.321568, 0, 7.26011982e-06
1088.702496, 0, 6.367538393e-06
1088.706592, 0, 6.358120659e-06
1088.735264, 0, 6.293010007e-06
1088.73936, 0, 6.283736073e-06
