time, angle, torque
1088.321568, 0, 5.457855953e-06
1088.702496, 0, 5.046966676e-06
1088.706592, 0, 5.042664291e-06
1088.735264, 0, 5.012824258e-06
1088.73936, 0, 5.008574736e-06
