time, angle, torque
1088.321568, 0, 1.137572199e-05
1088.702496, 0, 9.167344056e-06
1088.706592, 0, 9.14381013e-06
1088.735264, 0, 8.982108372e-06
1088.73936, 0, 8.959079252e-06
