time, angle, torque
974.407712, 0, 1.756642647e-06
974.833696, 0, 1.697481949e-06
974.837792, 0, 1.69691329e-06
974.944288, 0, 1.68225622e-06
974.948384, 0, 1.681692676e-06
975.214624, 0, 1.645844751e-06
