time, angle, torque
1088.321568, 0, 4.965983886e-06
1088.702496, 0, 4.813236088e-06
1088.706592, 0, 4.811595356e-06
1088.735264, 0, 4.800138649e-06
1088.73936, 0, 4.798502638e-06
