time, angle, torque
974.407712, 0, 4.489889073e-06
974.833696, 0, 3.309117734e-06
974.837792, 0, 3.297803255e-06
974.944288, 0, 3.027719981e-06
974.948384, 0, 3.017367725e-06
975.214624, 0, 2.467175539e-06
