time, angle, torque
1088.321568, 0, 1.30195825e-05
1088.702496, 0, 1.243568293e-05
1088.706592, 0, 1.242944374e-05
1088.735264, 0, 1.238595638e-05
1088.73936, 0, 1.237975025e-05
