time, angle, torque
974.407712, 0, 1.183006899e-05
974.833696, 0, 1.09201333e-05
974.837792, 0, 1.091143226e-05
974.944288, 0, 1.069022772e-05
974.948384, 0, 1.068173637e-05
975.214624, 0, 1.015909343e-05
