time, angle, torque
1088.321568, 0, 2.637017031e-05
1088.702496, 0, 2.409086448e-05
1088.706592, 0, 2.406691844e-05
1088.735264, 0, 2.390090776e-05
1088.73936, 0, 2.387726164e-05
