time, angle, torque
1088.321568, 0, 6.797331893e-06
1088.702496, 0, 6.618427685e-06
1088.706592, 0, 6.616506091e-06
1088.735264, 0, 6.603083968e-06
1088.73936, 0, 6.601167224e-06
