time, angle, torque
974.407712, 0, 3.708889513e-06
974.833696, 0, 3.443681357e-06
974.837792, 0, 3.441144567e-06
974.944288, 0, 3.376551452e-06
974.948384, 0, 3.374071627e-06
975.214624, 0, 3.220866039e-06
