time, angle, torque
1088.321568, 0, 9.473905862e-06
1088.702496, 0, 9.099303294e-06
1088.706592, 0, 9.095306563e-06
1088.735264, 0, 9.067442382e-06
1088.73936, 0, 9.063466172e-06
