time, angle, torque
1088.321568, 0, 2.162829573e-05
1088.702496, 0, 2.025936807e-05
1088.706592, 0, 2.024482155e-05
1088.735264, 0, 2.014364443e-05
1088.73936, 0, 2.012921508e-05
