time, angle, torque
974.407712, 0, 2.792225707e-07
974.833696, 0, 2.762256773e-07
974.837792, 0, 2.761968575e-07
974.944288, 0, 2.754495498e-07
974.948384, 0, 2.754208086e-07
975.214624, 0, 2.735649981e-07
