time, angle, torque
1088.321568, 0, 6.659358446e-06
1088.702496, 0, 4.508997667e-06
1088.706592, 0, 4.486183367e-06
1088.735264, 0, 4.332110788e-06
1088.73936, 0, 4.310224452e-06
