time, angle, torque
1088.321568, 0, 1.72348995e-05
1088.702496, 0, 1.545542515e-05
1088.706592, 0, 1.543634131e-05
1088.735264, 0, 1.530392275e-05
1088.73936, 0, 1.528503143e-05
