time, angle, torque
1088.321568, 0, 6.211431351e-06
1088.702496, 0, 5.797421042e-06
1088.706592, 0, 5.793036716e-06
1088.735264, 0, 5.762564011e-06
1088.73936, 0, 5.758219637e-06
