time, angle, torque
974.407712, 0, 7.481858702e-06
974.833696, 0, 5.261248097e-06
974.837792, 0, 5.240225088e-06
974.944288, 0, 4.746855353e-06
974.948384, 0, 4.72799391e-06
975.214624, 0, 3.758645662e-06
