time, angle, torque
974.407712, 0, 8.181669191e-07
974.833696, 0, 7.968829372e-07
974.837792, 0, 7.96678266e-07
974.944288, 0, 7.913918239e-07
974.948384, 0, 7.911885337e-07
975.214624, 0, 7.781899236e-07
