time, angle, torque
974.407712, 0, 3.059687768e-06
974.833696, 0, 2.335310552e-06
974.837792, 0, 2.328397442e-06
974.944288, 0, 2.161773034e-06
974.948384, 0, 2.155389027e-06
975.214624, 0, 1.808177412e-06
