time, angle, torque
974.407712, 0, 1.213835104e-05
974.833696, 0, 1.102837493e-05
974.837792, 0, 1.101771474e-05
974.944288, 0, 1.07473739e-05
974.948384, 0, 1.073698677e-05
975.214624, 0, 1.010187893e-05
