time, angle, torque
974.407712, 0, 5.649412378e-06
974.833696, 0, 5.144643182e-06
974.837792, 0, 5.139796191e-06
974.944288, 0, 5.016812159e-06
974.948384, 0, 5.012086914e-06
975.214624, 0, 4.722787361e-06
