time, angle, torque
974.407712, 0, 9.929650132e-06
974.833696, 0, 8.639029609e-06
974.837792, 0, 8.626682139e-06
974.944288, 0, 8.317562444e-06
974.948384, 0, 8.305699994e-06
975.214624, 0, 7.601907431e-06
