time, angle, torque
1088.321568, 0, 1.534219727e-05
1088.702496, 0, 1.34858629e-05
1088.706592, 0, 1.346608802e-05
1088.735264, 0, 1.332920334e-05
1088.73936, 0, 1.330969013e-05
