time, angle, torque
1088.321568, 0, 7.122860177e-06
1088.702496, 0, 5.785155468e-06
1088.706592, 0, 5.770807086e-06
1088.735264, 0, 5.67208669e-06
1088.73936, 0, 5.658018746e-06
