time, angle, torque
974.407712, 0, 6.333415033e-06
974.833696, 0, 5.867791786e-06
974.837792, 0, 5.863318267e-06
974.944288, 0, 5.749271052e-06
974.948384, 0, 5.744888017e-06
975.214624, 0, 5.473461141e-06
