time, angle, torque
1088.321568, 0, 1.367588551e-05
1088.702496, 0, 1.276688063e-05
1088.706592, 0, 1.275711604e-05
1088.735264, 0, 1.268912977e-05
1088.73936, 0, 1.267942506e-05
