time, angle, torque
974.407712, 0, 1.108545101e-05
974.833696, 0, 9.167145962e-06
974.837792, 0, 9.148775588e-06
974.944288, 0, 8.695147436e-06
974.948384, 0, 8.677743019e-06
975.214624, 0, 7.678133003e-06
