time, angle, torque
974.407712, 0, 5.882573778e-06
974.833696, 0, 4.820703123e-06
974.837792, 0, 4.810609847e-06
974.944288, 0, 4.562529198e-06
974.948384, 0, 4.553027094e-06
975.214624, 0, 4.012162718e-06
