time, angle, torque
1088.321568, 0, 1.987173586e-06
1088.702496, 0, 9.680319423e-07
1088.706592, 0, 9.572070735e-07
1088.735264, 0, 8.869980025e-07
1088.73936, 0, 8.770806069e-07
