time, angle, torque
974.407712, 0, 3.989210232e-06
974.833696, 0, 3.65695686e-06
974.837792, 0, 3.653773842e-06
974.944288, 0, 3.572932937e-06
974.948384, 0, 3.569828456e-06
975.214624, 0, 3.379269612e-06
