time, angle, torque
974.407712, 0, 7.987090762e-07
974.833696, 0, 7.874288002e-07
974.837792, 0, 7.873202969e-07
974.944288, 0, 7.845091027e-07
974.948384, 0, 7.844009816e-07
975.214624, 0, 7.774338434e-07
