time, angle, torque
1088.321568, 0, 2.114109796e-06
1088.702496, 0, 2.094357231e-06
1088.706592, 0, 2.09414447e-06
1088.735264, 0, 2.092655799e-06
1088.73936, 0, 2.092443116e-06
