time, angle, torque
1088.321568, 0, 6.592764307e-07
1088.702496, 0, 6.375544423e-07
1088.706592, 0, 6.37321702e-07
1088.735264, 0, 6.356973954e-07
1088.73936, 0, 6.354655036e-07
