time, angle, torque
974.407712, 0, 3.01697077e-07
974.833696, 0, 5.269982118e-08
974.837792, 0, 5.040966446e-08
974.944288, 0, 2.311093743e-08
974.948384, 0, 2.210661299e-08
975.214624, 0, 5.592345248e-09
