time, angle, torque
1088.321568, 0, 2.993455515e-07
1088.702496, 0, 5.729015598e-08
1088.706592, 0, 5.480051959e-08
1088.735264, 0, 4.157803048e-08
1088.73936, 0, 3.977118932e-08
