time, angle, torque
974.407712, 0, 8.335623062e-07
974.833696, 0, 8.187165563e-07
974.837792, 0, 8.185736247e-07
974.944288, 0, 8.148738599e-07
974.948384, 0, 8.147315391e-07
975.214624, 0, 8.055774579e-07
