time, angle, torque
974.407712, 0, 9.774726032e-06
974.833696, 0, 8.037026398e-06
974.837792, 0, 8.02059083e-06
974.944288, 0, 7.616821924e-06
974.948384, 0, 7.601372909e-06
975.214624, 0, 6.722002351e-06
