time, angle, torque
974.407712, 0, 6.185688007e-06
974.833696, 0, 5.322725029e-06
974.837792, 0, 5.314572662e-06
974.944288, 0, 5.11188232e-06
974.948384, 0, 5.104127267e-06
975.214624, 0, 4.650367859e-06
