time, angle, torque
1088.321568, 0, 9.547110157e-06
1088.702496, 0, 8.212416695e-06
1088.706592, 0, 8.198531384e-06
1088.735264, 0, 8.102833281e-06
1088.73936, 0, 8.089221648e-06
