displacement,force,time
0.0001,1.5509605998279725e-05,1
0.00013000000000000004,-9.633259007885398e-06,4
0.00016000000000000004,-5.388916441227538e-06,7
0.00019000000000000006,5.963615884212898e-06,10
0.0002200000000000001,5.377680825250034e-06,13
0.0002500000000000001,9.972821649589379e-06,16
0.00028000000000000014,-2.4471359100881637e-07,19
