displacement,force,time
-1.4170000000000002e-05,-7.372695589458245e-05,1
-2.2672000000000002e-05,-0.00012137787047822134,4
-3.1174e-05,-0.00016808189726244305,7
-3.9676e-05,-0.00021074927744132063,10
-4.8178e-05,-0.00024918507247438947,13
-5.667999999999999e-05,-0.0002879066425446679,16
-6.5182e-05,-0.00032164368045500266,19
-7.3684e-05,-0.0003593407596534344,22
