time, angle, torque
1088.321568, 0, 3.628717186e-06
1088.702496, 0, 2.505547071e-06
1088.706592, 0, 2.493595493e-06
1088.735264, 0, 2.412701869e-06
1088.73936, 0, 2.401205298e-06
