time, angle, torque
974.407712, 0, 1.149720211e-06
974.833696, 0, 1.1248896e-06
974.837792, 0, 1.124650897e-06
974.944288, 0, 1.118478775e-06
974.948384, 0, 1.118241437e-06
975.214624, 0, 1.103024668e-06
