time, angle, torque
974.407712, 0, 8.718605666e-07
974.833696, 0, 8.587221857e-07
974.837792, 0, 8.585957249e-07
974.944288, 0, 8.553193933e-07
974.948384, 0, 8.551933618e-07
975.214624, 0, 8.470728748e-07
