time, angle, torque
1088.321568, 0, 2.375809145e-06
1088.702496, 0, 2.352482819e-06
1088.706592, 0, 2.352231523e-06
1088.735264, 0, 2.350472816e-06
1088.73936, 0, 2.350221544e-06
