time, angle, torque
974.407712, 0, 2.328071655e-06
974.833696, 0, 2.22592487e-06
974.837792, 0, 2.224943628e-06
974.944288, 0, 2.19973059e-06
974.948384, 0, 2.198761407e-06
975.214624, 0, 2.1375726e-06
