time, angle, torque
974.407712, 0, 3.219533588e-09
974.833696, 0, 3.215342762e-09
974.837792, 0, 3.215301742e-09
974.944288, 0, 3.214255199e-09
974.948384, 0, 3.214214194e-09
975.214624, 0, 3.211599037e-09
