time, angle, torque
974.407712, 0, 2.955051229e-07
974.833696, 0, 2.928211148e-07
974.837792, 0, 2.92795192e-07
974.944288, 0, 2.92125393e-07
974.948384, 0, 2.920996239e-07
975.214624, 0, 2.904342547e-07
