time, angle, torque
974.407712, 0, 1.334690676e-05
974.833696, 0, 1.159245341e-05
974.837792, 0, 1.157566379e-05
974.944288, 0, 1.115548589e-05
974.948384, 0, 1.113936082e-05
975.214624, 0, 1.018354239e-05
