time, angle, torque
974.407712, 0, 1.371948202e-05
974.833696, 0, 1.253228681e-05
974.837792, 0, 1.252090507e-05
974.944288, 0, 1.223203856e-05
974.948384, 0, 1.222094381e-05
975.214624, 0, 1.154109721e-05
