time, angle, torque
1088.321568, 0, 9.202350814e-06
1088.702496, 0, 8.878589349e-06
1088.706592, 0, 8.875120353e-06
1088.735264, 0, 8.850914147e-06
1088.73936, 0, 8.847458454e-06
