time, angle, torque
1088.321568, 0, 5.404792617e-07
1088.702496, 0, 5.348956995e-07
1088.706592, 0, 5.348356545e-07
1088.735264, 0, 5.344156629e-07
1088.73936, 0, 5.343556697e-07
