time, angle, torque
974.407712, 0, 9.175187848e-07
974.833696, 0, 8.972656465e-07
974.837792, 0, 8.970709021e-07
974.944288, 0, 8.920358145e-07
974.948384, 0, 8.918421881e-07
975.214624, 0, 8.794305397e-07
