time, angle, torque
974.407712, 0, 4.487970224e-06
974.833696, 0, 4.242249541e-06
974.837792, 0, 4.239890979e-06
974.944288, 0, 4.179477107e-06
974.948384, 0, 4.177155467e-06
975.214624, 0, 4.031695521e-06
