time, angle, torque
1088.321568, 0, 9.071497055e-09
1088.702496, 0, 9.056849895e-09
1088.706592, 0, 9.056694265e-09
1088.735264, 0, 9.055590093e-09
1088.73936, 0, 9.055434485e-09
