time, angle, torque
1088.321568, 0, 1.266220051e-05
1088.702496, 0, 1.189543328e-05
1088.706592, 0, 1.188730899e-05
1088.735264, 0, 1.183080974e-05
1088.73936, 0, 1.182275396e-05
