time, angle, torque
974.407712, 0, 1.097288184e-07
974.833696, 0, 1.090366952e-07
974.837792, 0, 1.090300398e-07
974.944288, 0, 1.08857237e-07
974.948384, 0, 1.088505908e-07
975.214624, 0, 1.0842023e-07
