time, angle, torque
1088.321568, 0, 3.403420497e-07
1088.702496, 0, 3.385762431e-07
1088.706592, 0, 3.385572433e-07
1088.735264, 0, 3.384242897e-07
1088.73936, 0, 3.384052962e-07
