time, angle, torque
1088.321568, 0, 1.734472548e-05
1088.702496, 0, 1.608763777e-05
1088.706592, 0, 1.607416957e-05
1088.735264, 0, 1.598047538e-05
1088.73936, 0, 1.596710496e-05
