time, angle, torque
1088.321568, 0, 2.205058064e-05
1088.702496, 0, 2.029818284e-05
1088.706592, 0, 2.027961185e-05
1088.735264, 0, 2.015065629e-05
1088.73936, 0, 2.013227279e-05
