time, angle, torque
974.407712, 0, 2.421426486e-06
974.833696, 0, 2.309193711e-06
974.837792, 0, 2.308115068e-06
974.944288, 0, 2.280407252e-06
974.948384, 0, 2.279342068e-06
975.214624, 0, 2.212147565e-06
