time, angle, torque
1088.321568, 0, 6.377068117e-06
1088.702496, 0, 6.110363009e-06
1088.706592, 0, 6.107497212e-06
1088.735264, 0, 6.087502874e-06
1088.73936, 0, 6.084647938e-06
