time, angle, torque
974.407712, 0, 5.587147352e-06
974.833696, 0, 3.470753366e-06
974.837792, 0, 3.450579074e-06
974.944288, 0, 2.995567056e-06
974.948384, 0, 2.978175492e-06
975.214624, 0, 2.159317658e-06
