time, angle, torque
1088.321568, 0, 5.903018479e-06
1088.702496, 0, 3.819533436e-06
1088.706592, 0, 3.797326853e-06
1088.735264, 0, 3.648039212e-06
1088.73936, 0, 3.626840624e-06
