time, angle, torque
1088.321568, 0, 1.171066561e-05
1088.702496, 0, 9.856243465e-06
1088.706592, 0, 9.836479722e-06
1088.735264, 0, 9.70016733e-06
1088.73936, 0, 9.680744223e-06
