time, angle, torque
1088.321568, 0, 1.055773896e-05
1088.702496, 0, 8.632345228e-06
1088.706592, 0, 8.612086014e-06
1088.735264, 0, 8.472887553e-06
1088.73936, 0, 8.453080162e-06
