time, angle, torque
974.407712, 0, 8.372000655e-06
974.833696, 0, 7.285196377e-06
974.837792, 0, 7.2747627e-06
974.944288, 0, 7.013250497e-06
974.948384, 0, 7.003207047e-06
975.214624, 0, 6.406102e-06
