time, angle, torque
1088.321568, 0, 2.205722694e-05
1088.702496, 0, 2.03454115e-05
1088.706592, 0, 2.032730589e-05
1088.735264, 0, 2.020159616e-05
1088.73936, 0, 2.018367819e-05
