time, angle, torque
974.407712, 0, 1.95334465e-06
974.833696, 0, 1.900147429e-06
974.837792, 0, 1.899635536e-06
974.944288, 0, 1.886416737e-06
974.948384, 0, 1.885908326e-06
975.214624, 0, 1.853416976e-06
