time, angle, torque
1088.321568, 0, 1.694081547e-05
1088.702496, 0, 1.571717155e-05
1088.706592, 0, 1.570405063e-05
1088.735264, 0, 1.561276062e-05
1088.73936, 0, 1.559973229e-05
