time, angle, torque
974.407712, 0, 3.787110957e-06
974.833696, 0, 3.278953889e-06
974.837792, 0, 3.274100626e-06
974.944288, 0, 3.152817717e-06
974.948384, 0, 3.148165542e-06
975.214624, 0, 2.873245248e-06
