time, angle, torque
974.407712, 0, 8.087824375e-06
974.833696, 0, 6.91642559e-06
974.837792, 0, 6.905211862e-06
974.944288, 0, 6.625734149e-06
974.948384, 0, 6.615009188e-06
975.214624, 0, 5.985497476e-06
