time, angle, torque
1088.321568, 0, 1.831954706e-05
1088.702496, 0, 1.636234721e-05
1088.706592, 0, 1.634159792e-05
1088.735264, 0, 1.61978521e-05
1088.73936, 0, 1.617736577e-05
