time, angle, torque
1088.321568, 0, 1.510382172e-05
1088.702496, 0, 1.442938731e-05
1088.706592, 0, 1.442214686e-05
1088.735264, 0, 1.437164852e-05
1088.73936, 0, 1.436443879e-05
