time, angle, torque
974.407712, 0, 7.616234931e-06
974.833696, 0, 6.886198071e-06
974.837792, 0, 6.879188359e-06
974.944288, 0, 6.701666187e-06
974.948384, 0, 6.694845988e-06
975.214624, 0, 6.279193615e-06
