time, angle, torque
1088.321568, 0, 1.932160297e-05
1088.702496, 0, 1.76998006e-05
1088.706592, 0, 1.76827133e-05
1088.735264, 0, 1.75641901e-05
1088.73936, 0, 1.75473033e-05
