time, angle, torque
1088.321568, 0, 1.72701208e-05
1088.702496, 0, 1.580641909e-05
1088.706592, 0, 1.57910452e-05
1088.735264, 0, 1.568445126e-05
1088.73936, 0, 1.566926832e-05
