time, angle, torque
974.407712, 0, 3.41184616e-06
974.833696, 0, 1.852727552e-06
974.837792, 0, 1.83787927e-06
974.944288, 0, 1.518931126e-06
974.948384, 0, 1.506764361e-06
975.214624, 0, 9.882488762e-07
