time, angle, torque
1088.321568, 0, 3.532412961e-06
1088.702496, 0, 2.015419006e-06
1088.706592, 0, 1.999264061e-06
1088.735264, 0, 1.892249253e-06
1088.73936, 0, 1.877085421e-06
