time, angle, torque
974.407712, 0, 9.692094172e-06
974.833696, 0, 8.631827635e-06
974.837792, 0, 8.621706634e-06
974.944288, 0, 8.366932952e-06
974.948384, 0, 8.357159423e-06
975.214624, 0, 7.769482601e-06
