time, angle, torque
1088.321568, 0, 2.246944536e-06
1088.702496, 0, 1.042478203e-06
1088.706592, 0, 1.029698977e-06
1088.735264, 0, 9.474005712e-07
1088.73936, 0, 9.357882865e-07
