time, angle, torque
974.407712, 0, 1.442636619e-07
974.833696, 0, 1.432196028e-07
974.837792, 0, 1.432095753e-07
974.944288, 0, 1.429494112e-07
974.948384, 0, 1.429394084e-07
975.214624, 0, 1.422926235e-07
