time, angle, torque
974.407712, 0, 3.136782946e-06
974.833696, 0, 2.790238515e-06
974.837792, 0, 2.78693988e-06
974.944288, 0, 2.704016643e-06
974.948384, 0, 2.700837713e-06
975.214624, 0, 2.510207803e-06
