time, angle, torque
1088.321568, 0, 1.734849634e-05
1088.702496, 0, 1.511052333e-05
1088.706592, 0, 1.508693168e-05
1088.735264, 0, 1.49239369e-05
1088.73936, 0, 1.490072444e-05
