time, angle, torque
974.407712, 0, 2.779862005e-06
974.833696, 0, 2.693592573e-06
974.837792, 0, 2.692763066e-06
974.944288, 0, 2.671367418e-06
974.948384, 0, 2.6705447e-06
975.214624, 0, 2.618117731e-06
