time, angle, torque
1088.321568, 0, 8.022859413e-06
1088.702496, 0, 7.780982349e-06
1088.706592, 0, 7.778391029e-06
1088.735264, 0, 7.76030033e-06
1088.73936, 0, 7.757717567e-06
