time, angle, torque
1088.321568, 0, 1.634015756e-07
1088.702496, 0, 1.626374026e-07
1088.706592, 0, 1.626291866e-07
1088.735264, 0, 1.625717019e-07
1088.73936, 0, 1.625634902e-07
