time, angle, torque
974.407712, 0, 8.516901514e-06
974.833696, 0, 7.610440087e-06
974.837792, 0, 7.601738827e-06
974.944288, 0, 7.382088499e-06
974.948384, 0, 7.373651146e-06
975.214624, 0, 6.863398855e-06
