time, angle, torque
1088.321568, 0, 1.4731002e-05
1088.702496, 0, 1.330035572e-05
1088.706592, 0, 1.32850153e-05
1088.735264, 0, 1.317851434e-05
1088.73936, 0, 1.31633196e-05
