time, angle, torque
1088.321568, 0, 1.730602693e-05
1088.702496, 0, 1.642062577e-05
1088.706592, 0, 1.641112653e-05
1088.735264, 0, 1.634491426e-05
1088.73936, 0, 1.633546222e-05
