time, angle, torque
974.407712, 0, 1.612437706e-06
974.833696, 0, 6.842408309e-07
974.837792, 0, 6.754405528e-07
974.944288, 0, 5.045526285e-07
974.948384, 0, 4.980646046e-07
975.214624, 0, 2.69703443e-07
