time, angle, torque
1088.321568, 0, 1.467246748e-05
1088.702496, 0, 1.269731555e-05
1088.706592, 0, 1.267611352e-05
1088.735264, 0, 1.252941777e-05
1088.73936, 0, 1.250849629e-05
