time, angle, torque
974.407712, 0, 1.386423304e-05
974.833696, 0, 1.20403827e-05
974.837792, 0, 1.20230499e-05
974.944288, 0, 1.159025489e-05
974.948384, 0, 1.157367211e-05
975.214624, 0, 1.059465511e-05
