time, angle, torque
1088.321568, 0, 5.336576775e-06
1088.702496, 0, 4.968183193e-06
1088.706592, 0, 4.964227266e-06
1088.735264, 0, 4.936691181e-06
1088.73936, 0, 4.932760772e-06
