time, angle, torque
1088.321568, 0, 1.333506816e-06
1088.702496, 0, 8.607135831e-07
1088.706592, 0, 8.556891504e-07
1088.735264, 0, 8.219279295e-07
1088.73936, 0, 8.171348893e-07
