time, angle, torque
1088.321568, 0, 1.084554867e-05
1088.702496, 0, 1.02663362e-05
1088.706592, 0, 1.026018352e-05
1088.735264, 0, 1.021735821e-05
1088.73936, 0, 1.021125027e-05
