time, angle, torque
974.407712, 0, 5.653731131e-06
974.833696, 0, 5.26932081e-06
974.837792, 0, 5.265629202e-06
974.944288, 0, 5.171390726e-06
974.948384, 0, 5.167769191e-06
975.214624, 0, 4.942754769e-06
