time, angle, torque
1088.321568, 0, 2.020168485e-05
1088.702496, 0, 1.839207577e-05
1088.706592, 0, 1.837266816e-05
1088.735264, 0, 1.823783773e-05
1088.73936, 0, 1.821859914e-05
