time, angle, torque
974.407712, 0, 2.072615132e-06
974.833696, 0, 2.019986934e-06
974.837792, 0, 2.019480461e-06
974.944288, 0, 2.006395173e-06
974.948384, 0, 2.005891878e-06
975.214624, 0, 1.973686369e-06
