time, angle, torque
974.407712, 0, 3.218584908e-06
974.833696, 0, 3.006420357e-06
974.837792, 0, 3.004382761e-06
974.944288, 0, 2.952337492e-06
974.948384, 0, 2.950337356e-06
975.214624, 0, 2.825889285e-06
