time, angle, torque
1088.321568, 0, 7.38240498e-06
1088.702496, 0, 6.923887332e-06
1088.706592, 0, 6.918982064e-06
1088.735264, 0, 6.884834323e-06
1088.73936, 0, 6.879961422e-06
