time, angle, torque
974.407712, 0, 1.172209307e-06
974.833696, 0, 1.087929147e-06
974.837792, 0, 1.087119653e-06
974.944288, 0, 1.066475574e-06
974.948384, 0, 1.065682231e-06
975.214624, 0, 1.016510601e-06
