time, angle, torque
974.407712, 0, 5.110228735e-08
974.833696, 0, 8.490256283e-10
974.837792, 0, 5.415586756e-10
974.944288, 0, 3.425157041e-11
974.948384, 0, 2.187904924e-11
975.214624, 0, 7.117424104e-13
