time, angle, torque
974.407712, 0, 1.278149276e-05
974.833696, 0, 1.1611441e-05
974.837792, 0, 1.160020835e-05
974.944288, 0, 1.131539859e-05
974.948384, 0, 1.130445657e-05
975.214624, 0, 1.063565506e-05
