time, angle, torque
974.407712, 0, 1.025422882e-05
974.833696, 0, 9.463209589e-06
974.837792, 0, 9.455620578e-06
974.944288, 0, 9.262455936e-06
974.948384, 0, 9.255035016e-06
975.214624, 0, 8.797162868e-06
