time, angle, torque
1088.321568, 0, 2.18301797e-05
1088.702496, 0, 2.020502269e-05
1088.706592, 0, 2.018769265e-05
1088.735264, 0, 2.006721983e-05
1088.73936, 0, 2.005003544e-05
