time, angle, torque
974.407712, 0, 8.100793338e-07
974.833696, 0, 7.923645381e-07
974.837792, 0, 7.921941489e-07
974.944288, 0, 7.877882356e-07
974.948384, 0, 7.876187907e-07
975.214624, 0, 7.767540602e-07
