time, angle, torque
1088.321568, 0, 2.299412148e-05
1088.702496, 0, 2.158406593e-05
1088.706592, 0, 2.156893124e-05
1088.735264, 0, 2.146352039e-05
1088.73936, 0, 2.14484737e-05
