time, angle, torque
1088.321568, 0, 7.379122583e-07
1088.702496, 0, 7.323883818e-07
1088.706592, 0, 7.323288515e-07
1088.735264, 0, 7.319122057e-07
1088.73936, 0, 7.31852676e-07
