time, angle, torque
1088.321568, 0, 3.876608351e-06
1088.702496, 0, 3.78987e-06
1088.706592, 0, 3.788937545e-06
1088.735264, 0, 3.782421612e-06
1088.73936, 0, 3.781490993e-06
