time, angle, torque
974.407712, 0, 1.157563642e-05
974.833696, 0, 1.062427701e-05
974.837792, 0, 1.061518715e-05
974.944288, 0, 1.038450552e-05
974.948384, 0, 1.037565242e-05
975.214624, 0, 9.832993661e-06
