time, angle, torque
1088.321568, 0, 2.477439957e-05
1088.702496, 0, 2.251827762e-05
1088.706592, 0, 2.249459763e-05
1088.735264, 0, 2.233051673e-05
1088.73936, 0, 2.230714856e-05
