time, angle, torque
974.407712, 0, 4.818566907e-06
974.833696, 0, 4.610777744e-06
974.837792, 0, 4.608780929e-06
974.944288, 0, 4.557449284e-06
974.948384, 0, 4.555475918e-06
975.214624, 0, 4.430756638e-06
