time, angle, torque
974.407712, 0, 6.985961018e-06
974.833696, 0, 6.617091711e-06
974.837792, 0, 6.613546895e-06
974.944288, 0, 6.522650061e-06
974.948384, 0, 6.519155927e-06
975.214624, 0, 6.299692065e-06
