time, angle, torque
974.407712, 0, 9.820222873e-08
974.833696, 0, 9.736803052e-08
974.837792, 0, 9.736001522e-08
974.944288, 0, 9.71521114e-08
974.948384, 0, 9.714411711e-08
975.214624, 0, 9.662752202e-08
