time, angle, torque
1088.321568, 0, 1.968779962e-07
1088.702496, 0, 1.963793629e-07
1088.706592, 0, 1.963739838e-07
1088.735264, 0, 1.963363033e-07
1088.73936, 0, 1.963309186e-07
