time, angle, torque
1088.321568, 0, 7.819975275e-06
1088.702496, 0, 6.870106997e-06
1088.706592, 0, 6.860248493e-06
1088.735264, 0, 6.79221037e-06
1088.73936, 0, 6.782533062e-06
