time, angle, torque
1088.321568, 0, 4.563528458e-06
1088.702496, 0, 3.450377812e-06
1088.706592, 0, 3.43861308e-06
1088.735264, 0, 3.358312065e-06
1088.73936, 0, 3.346891842e-06
