time, angle, torque
974.407712, 0, 1.135819146e-05
974.833696, 0, 9.276777737e-06
974.837792, 0, 9.256856613e-06
974.944288, 0, 8.766745918e-06
974.948384, 0, 8.74794603e-06
975.214624, 0, 7.67724382e-06
