time, angle, torque
1088.321568, 0, 1.590015566e-05
1088.702496, 0, 1.479178707e-05
1088.706592, 0, 1.478009034e-05
1088.735264, 0, 1.469884829e-05
1088.73936, 0, 1.468726986e-05
