time,angle,displacement,torque,force
1058.842656,0.0,0.0,2.115087719846061e-06,
1059.055648,0.0,0.0,2.257466720095123e-06,
1059.059744,0.0,0.0,2.2620948148259985e-06,
