time,angle,displacement,torque,force
1173.993504,0.0,0.0,1.65061517630625e-06,
1174.2024,0.0,0.0,9.516750098625e-07,
1174.206496,0.0,0.0,8.82242627371875e-07,
