time,angle,displacement,torque,force
655.661088,0.0,-3.0191406250007316e-07,,0.008115318633700913
658.483232,0.0,0.0,,0.007908117388534246
658.487328,0.0,0.0,,0.007896686034167578
