time,angle,displacement,torque,force
984.078368,0.0,2.758984374998455e-07,,-0.0001117978580324214
984.279072,0.0,4.6484374999992276e-09,,-6.838668583242139e-05
984.283168,0.0,0.0,,-6.541122763242139e-05
991.221792,0.0,0.0,,0.0015318249066342453
991.225888,0.0,0.0,,0.001534685924134245
1002.08848,0.0,0.0,,0.001481343842300912
