time, angle, torque
1088.321568, 0, 1.207597723e-05
1088.702496, 0, 1.152787433e-05
1088.706592, 0, 1.152200503e-05
1088.735264, 0, 1.148108579e-05
1088.73936, 0, 1.147524505e-05
