time, angle, torque
1088.321568, 0, 2.049628775e-05
1088.702496, 0, 1.787855466e-05
1088.706592, 0, 1.785045085e-05
1088.735264, 0, 1.765586866e-05
1088.73936, 0, 1.762811487e-05
