time, angle, torque
974.407712, 0, 3.137286639e-07
974.833696, 0, 3.040018777e-07
974.837792, 0, 3.039083546e-07
974.944288, 0, 3.014960283e-07
974.948384, 0, 3.014032687e-07
975.214624, 0, 2.954919035e-07
