time, angle, torque
1088.321568, 0, 8.856653106e-07
1088.702496, 0, 8.607187735e-07
1088.706592, 0, 8.604509902e-07
1088.735264, 0, 8.585810022e-07
1088.73936, 0, 8.583139772e-07
