time, angle, torque
974.407712, 0, 9.622012628e-07
974.833696, 0, 9.444762174e-07
974.837792, 0, 9.443058002e-07
974.944288, 0, 9.398955518e-07
974.948384, 0, 9.397259536e-07
975.214624, 0, 9.288293663e-07
