time, angle, torque
974.407712, 0, 3.266666611e-06
974.833696, 0, 3.101318476e-06
974.837792, 0, 3.0997305e-06
974.944288, 0, 3.059002387e-06
974.948384, 0, 3.057436985e-06
975.214624, 0, 2.959052031e-06
