time, angle, torque
974.407712, 0, 5.356988643e-06
974.833696, 0, 5.101305129e-06
974.837792, 0, 5.09884963e-06
974.944288, 0, 5.035824812e-06
974.948384, 0, 5.033402386e-06
975.214624, 0, 4.880874075e-06
