time, angle, torque
1088.321568, 0, 1.454829554e-05
1088.702496, 0, 1.378828827e-05
1088.706592, 0, 1.378020964e-05
1088.735264, 0, 1.372396895e-05
1088.73936, 0, 1.37159471e-05
