time, angle, torque
974.407712, 0, 6.247473489e-06
974.833696, 0, 4.064872165e-06
974.837792, 0, 4.043998311e-06
974.944288, 0, 3.565525076e-06
974.948384, 0, 3.547217395e-06
975.214624, 0, 2.656209351e-06
