time, angle, torque
974.407712, 0, 1.305594738e-06
974.833696, 0, 1.278009542e-06
974.837792, 0, 1.277744187e-06
974.944288, 0, 1.270881193e-06
974.948384, 0, 1.270617244e-06
975.214624, 0, 1.253683923e-06
