time, angle, torque
1088.321568, 0, 3.669760493e-06
1088.702496, 0, 3.605555801e-06
1088.706592, 0, 3.604865509e-06
1088.735264, 0, 3.600040118e-06
1088.73936, 0, 3.599350907e-06
