time, angle, torque
974.407712, 0, 7.199854456e-07
974.833696, 0, 7.087953765e-07
974.837792, 0, 7.08687802e-07
974.944288, 0, 7.059018459e-07
974.948384, 0, 7.057947111e-07
975.214624, 0, 6.988991849e-07
