time, angle, torque
1088.321568, 0, 2.058381347e-06
1088.702496, 0, 2.030738841e-06
1088.706592, 0, 2.030441598e-06
1088.735264, 0, 2.028362993e-06
1088.73936, 0, 2.028066088e-06
