time, angle, torque
974.407712, 0, 1.271203736e-05
974.833696, 0, 1.047285996e-05
974.837792, 0, 1.045161377e-05
974.944288, 0, 9.928896627e-06
974.948384, 0, 9.908882208e-06
975.214624, 0, 8.76663289e-06
