time, angle, torque
974.407712, 0, 1.285240841e-05
974.833696, 0, 1.074492587e-05
974.837792, 0, 1.072471352e-05
974.944288, 0, 1.022385835e-05
974.948384, 0, 1.020463377e-05
975.214624, 0, 9.091835974e-06
