time, angle, torque
974.407712, 0, 9.107072199e-06
974.833696, 0, 6.892298369e-06
974.837792, 0, 6.871070128e-06
974.944288, 0, 6.360191068e-06
974.948384, 0, 6.340602756e-06
975.214624, 0, 5.280334211e-06
