time, angle, torque
974.407712, 0, 4.377250999e-07
974.833696, 0, 4.292171365e-07
974.837792, 0, 4.291353398e-07
974.944288, 0, 4.270191394e-07
974.948384, 0, 4.269377615e-07
975.214624, 0, 4.217129245e-07
