time, angle, torque
1088.321568, 0, 9.882215568e-06
1088.702496, 0, 8.763843725e-06
1088.706592, 0, 8.75183477e-06
1088.735264, 0, 8.668571958e-06
1088.73936, 0, 8.656693577e-06
