time, angle, torque
1088.321568, 0, 9.433542652e-06
1088.702496, 0, 6.87977655e-06
1088.706592, 0, 6.852610287e-06
1088.735264, 0, 6.667721735e-06
1088.73936, 0, 6.641426644e-06
