time, angle, torque
974.407712, 0, 7.852010868e-07
974.833696, 0, 7.711108992e-07
974.837792, 0, 7.709754193e-07
974.944288, 0, 7.67468905e-07
974.948384, 0, 7.673340578e-07
975.214624, 0, 7.586673248e-07
