time, angle, torque
974.407712, 0, 1.276986793e-05
974.833696, 0, 1.169206897e-05
974.837792, 0, 1.16817389e-05
974.944288, 0, 1.141943191e-05
974.948384, 0, 1.140935775e-05
975.214624, 0, 1.079127483e-05
