time, angle, torque
1088.321568, 0, 1.124312445e-05
1088.702496, 0, 9.016474606e-06
1088.706592, 0, 8.993184824e-06
1088.735264, 0, 8.833529286e-06
1088.73936, 0, 8.810826627e-06
