time, angle, torque
974.407712, 0, 3.809730542e-06
974.833696, 0, 3.667438027e-06
974.837792, 0, 3.666070251e-06
974.944288, 0, 3.630856776e-06
974.948384, 0, 3.629502895e-06
975.214624, 0, 3.543617751e-06
