time, angle, torque
1088.321568, 0, 6.621071041e-06
1088.702496, 0, 6.237223909e-06
1088.706592, 0, 6.233100263e-06
1088.735264, 0, 6.204368678e-06
1088.73936, 0, 6.200266969e-06
