time, angle, torque
1088.321568, 0, 4.967981081e-06
1088.702496, 0, 4.848279044e-06
1088.706592, 0, 4.846997172e-06
1088.735264, 0, 4.838046044e-06
1088.73936, 0, 4.836768104e-06
