time, angle, torque
974.407712, 0, 9.653493881e-06
974.833696, 0, 8.782119435e-06
974.837792, 0, 8.773767984e-06
974.944288, 0, 8.562062485e-06
974.948384, 0, 8.553932144e-06
975.214624, 0, 8.057138139e-06
