time, angle, torque
1088.321568, 0, 1.87844582e-05
1088.702496, 0, 1.715000179e-05
1088.706592, 0, 1.713259887e-05
1088.735264, 0, 1.701176862e-05
1088.73936, 0, 1.699453786e-05
