time, angle, torque
974.407712, 0, 1.562218473e-06
974.833696, 0, 1.514142556e-06
974.837792, 0, 1.513680349e-06
974.944288, 0, 1.501757549e-06
974.948384, 0, 1.5012991e-06
975.214624, 0, 1.472079304e-06
