time, angle, torque
1088.321568, 0, 4.453396044e-06
1088.702496, 0, 4.327406615e-06
1088.706592, 0, 4.326054025e-06
1088.735264, 0, 4.316608181e-06
1088.73936, 0, 4.315259351e-06
