time, angle, torque
974.407712, 0, 9.824760948e-06
974.833696, 0, 9.115404157e-06
974.837792, 0, 9.108601758e-06
974.944288, 0, 8.935248316e-06
974.948384, 0, 8.928588984e-06
975.214624, 0, 8.516469264e-06
