time, angle, torque
974.407712, 0, 1.471297999e-05
974.833696, 0, 1.292417481e-05
974.837792, 0, 1.290712729e-05
974.944288, 0, 1.2479757e-05
974.948384, 0, 1.246337033e-05
975.214624, 0, 1.148736152e-05
