time, angle, torque
1088.321568, 0, 2.417149823e-05
1088.702496, 0, 2.129087291e-05
1088.706592, 0, 2.126049418e-05
1088.735264, 0, 2.105039952e-05
1088.73936, 0, 2.1020475e-05
