time, angle, torque
1088.321568, 0, 1.531197966e-05
1088.702496, 0, 1.463160748e-05
1088.706592, 0, 1.462431341e-05
1088.735264, 0, 1.457344904e-05
1088.73936, 0, 1.456618793e-05
