time, angle, torque
974.407712, 0, 1.735996124e-06
974.833696, 0, 1.696811995e-06
974.837792, 0, 1.696435009e-06
974.944288, 0, 1.686688073e-06
974.948384, 0, 1.686313198e-06
975.214624, 0, 1.66228371e-06
