time, angle, torque
1088.321568, 0, 1.981084811e-05
1088.702496, 0, 1.74092168e-05
1088.706592, 0, 1.7383431e-05
1088.735264, 0, 1.720478609e-05
1088.73936, 0, 1.717930319e-05
