time, angle, torque
974.407712, 0, 3.242946588e-06
974.833696, 0, 2.976580424e-06
974.837792, 0, 2.974024204e-06
974.944288, 0, 2.909044984e-06
974.948384, 0, 2.906548578e-06
975.214624, 0, 2.753011057e-06
