time, angle, torque
974.407712, 0, 3.035024055e-06
974.833696, 0, 2.94046499e-06
974.837792, 0, 2.939555589e-06
974.944288, 0, 2.916098974e-06
974.948384, 0, 2.915196959e-06
975.214624, 0, 2.857716046e-06
