time, angle, torque
974.407712, 0, 4.814000372e-10
974.833696, 0, 4.811973555e-10
974.837792, 0, 4.811949814e-10
974.944288, 0, 4.81133264e-10
974.948384, 0, 4.811308902e-10
975.214624, 0, 4.8101617e-10
