time, angle, torque
974.407712, 0, 4.439122947e-06
974.833696, 0, 3.919037567e-06
974.837792, 0, 3.914058034e-06
974.944288, 0, 3.788871681e-06
974.948384, 0, 3.784066273e-06
975.214624, 0, 3.4961593e-06
