time, angle, torque
1088.321568, 0, 9.955783678e-06
1088.702496, 0, 9.639384908e-06
1088.706592, 0, 9.635990657e-06
1088.735264, 0, 9.612296505e-06
1088.73936, 0, 9.608913432e-06
