time, angle, torque
974.407712, 0, 1.153497564e-07
974.833696, 0, 1.144631264e-07
974.837792, 0, 1.14454608e-07
974.944288, 0, 1.142335864e-07
974.948384, 0, 1.142250877e-07
975.214624, 0, 1.136755721e-07
