time, angle, torque
1088.321568, 0, 2.575166352e-07
1088.702496, 0, 2.563684393e-07
1088.706592, 0, 2.563560846e-07
1088.735264, 0, 2.562696239e-07
1088.73936, 0, 2.562572722e-07
