time, angle, torque
1088.321568, 0, 1.819582443e-06
1088.702496, 0, 1.790346283e-06
1088.706592, 0, 1.790031942e-06
1088.735264, 0, 1.787834269e-06
1088.73936, 0, 1.787520368e-06
