time, angle, torque
974.407712, 0, 8.521785769e-06
974.833696, 0, 7.632919878e-06
974.837792, 0, 7.624436638e-06
974.944288, 0, 7.410570722e-06
974.948384, 0, 7.402366582e-06
975.214624, 0, 6.907309839e-06
