time, angle, torque
1088.321568, 0, 1.549448342e-05
1088.702496, 0, 1.385866134e-05
1088.706592, 0, 1.384141924e-05
1088.735264, 0, 1.372203403e-05
1088.73936, 0, 1.370502772e-05
