time, angle, torque
974.407712, 0, 2.760774189e-06
974.833696, 0, 1.139707137e-06
974.837792, 0, 1.124331648e-06
974.944288, 0, 8.29427761e-07
974.948384, 0, 8.182382551e-07
975.214624, 0, 4.331850764e-07
