time, angle, torque
1088.321568, 0, 2.807022547e-06
1088.702496, 0, 1.235549957e-06
1088.706592, 0, 1.21888184e-06
1088.735264, 0, 1.112398792e-06
1088.73936, 0, 1.097392153e-06
