time, angle, torque
1088.321568, 0, 9.856403343e-06
1088.702496, 0, 9.407033005e-06
1088.706592, 0, 9.402211906e-06
1088.735264, 0, 9.368592656e-06
1088.73936, 0, 9.363793111e-06
