time, angle, torque
1088.321568, 0, 3.210120696e-06
1088.702496, 0, 3.127242338e-06
1088.706592, 0, 3.126352006e-06
1088.735264, 0, 3.120132793e-06
1088.73936, 0, 3.119244642e-06
