time, angle, torque
974.407712, 0, 7.352535585e-06
974.833696, 0, 4.826741845e-06
974.837792, 0, 4.80263647e-06
974.944288, 0, 4.248602804e-06
974.948384, 0, 4.227408268e-06
975.214624, 0, 3.189123649e-06
