time, angle, torque
1088.321568, 0, 2.384850184e-05
1088.702496, 0, 2.159454923e-05
1088.706592, 0, 2.157053591e-05
1088.735264, 0, 2.140390332e-05
1088.73936, 0, 2.13801418e-05
