time, angle, torque
974.407712, 0, 2.603635685e-07
974.833696, 0, 2.578463137e-07
974.837792, 0, 2.578221142e-07
974.944288, 0, 2.571944628e-07
974.948384, 0, 2.571703252e-07
975.214624, 0, 2.556109834e-07
