time, angle, torque
974.407712, 0, 3.898247309e-07
974.833696, 0, 3.85442517e-07
974.837792, 0, 3.854003864e-07
974.944288, 0, 3.843082815e-07
974.948384, 0, 3.842662833e-07
975.214624, 0, 3.815561129e-07
