time, angle, torque
1088.321568, 0, 9.665733969e-07
1088.702496, 0, 9.600950318e-07
1088.706592, 0, 9.600252449e-07
1088.735264, 0, 9.595369522e-07
1088.73936, 0, 9.594671899e-07
