time, angle, torque
974.407712, 0, 3.852382813e-06
974.833696, 0, 3.691456291e-06
974.837792, 0, 3.689909955e-06
974.944288, 0, 3.650152216e-06
974.948384, 0, 3.648623799e-06
975.214624, 0, 3.551983611e-06
