time, angle, torque
1088.321568, 0, 4.462056101e-07
1088.702496, 0, 5.374476282e-08
1088.706592, 0, 4.983189331e-08
1088.735264, 0, 3.21568503e-08
1088.73936, 0, 2.981567201e-08
