time, angle, torque
974.407712, 0, 1.277885617e-05
974.833696, 0, 1.086636583e-05
974.837792, 0, 1.084805632e-05
974.944288, 0, 1.039244422e-05
974.948384, 0, 1.037496056e-05
975.214624, 0, 9.352497012e-06
