time, angle, torque
974.407712, 0, 1.222233371e-05
974.833696, 0, 1.119918309e-05
974.837792, 0, 1.118935669e-05
974.944288, 0, 1.09396036e-05
974.948384, 0, 1.093000682e-05
975.214624, 0, 1.034004552e-05
