time, angle, torque
1088.321568, 0, 2.45138976e-05
1088.702496, 0, 2.26412683e-05
1088.706592, 0, 2.262117778e-05
1088.735264, 0, 2.248143642e-05
1088.73936, 0, 2.246149345e-05
