time, angle, torque
1088.321568, 0, 1.740637729e-06
1088.702496, 0, 8.002247466e-07
1088.706592, 0, 7.90254649e-07
1088.735264, 0, 7.261350599e-07
1088.73936, 0, 7.170897651e-07
