time, angle, torque
1088.321568, 0, 1.62436164e-06
1088.702496, 0, 1.535049925e-06
1088.706592, 0, 1.534098958e-06
1088.735264, 0, 1.527478718e-06
1088.73936, 0, 1.526534328e-06
