time, angle, torque
974.407712, 0, 4.597355112e-07
974.833696, 0, 4.539777816e-07
974.837792, 0, 4.539223634e-07
974.944288, 0, 4.524869544e-07
974.948384, 0, 4.524317449e-07
975.214624, 0, 4.488707547e-07
