time, angle, torque
1088.321568, 0, 1.374268649e-06
1088.702496, 0, 1.359158339e-06
1088.706592, 0, 1.358995815e-06
1088.735264, 0, 1.357859104e-06
1088.73936, 0, 1.357696731e-06
