time, angle, torque
974.407712, 0, 1.250369949e-05
974.833696, 0, 1.101565037e-05
974.837792, 0, 1.100154767e-05
974.944288, 0, 1.064839938e-05
974.948384, 0, 1.06348759e-05
975.214624, 0, 9.830779063e-06
