time, angle, torque
974.407712, 0, 7.846774234e-06
974.833696, 0, 5.431769316e-06
974.837792, 0, 5.408726215e-06
974.944288, 0, 4.869857406e-06
974.948384, 0, 4.849231924e-06
975.214624, 0, 3.800210991e-06
