time, angle, torque
974.407712, 0, 6.076925742e-06
974.833696, 0, 5.648117364e-06
974.837792, 0, 5.644013366e-06
974.944288, 0, 5.53946074e-06
974.948384, 0, 5.53544623e-06
975.214624, 0, 5.287140224e-06
