time, angle, torque
974.407712, 0, 3.945116391e-06
974.833696, 0, 3.714679975e-06
974.837792, 0, 3.712471214e-06
974.944288, 0, 3.65598917e-06
974.948384, 0, 3.653819425e-06
975.214624, 0, 3.518401876e-06
