time, angle, torque
974.407712, 0, 5.295615821e-06
974.833696, 0, 5.040484099e-06
974.837792, 0, 5.038032674e-06
974.944288, 0, 4.975103557e-06
974.948384, 0, 4.972684518e-06
975.214624, 0, 4.820328994e-06
