time, angle, torque
974.407712, 0, 1.660985505e-06
974.833696, 0, 1.612269133e-06
974.837792, 0, 1.611800657e-06
974.944288, 0, 1.599711153e-06
974.948384, 0, 1.59924626e-06
975.214624, 0, 1.569585495e-06
