time, angle, torque
974.407712, 0, 1.149452056e-05
974.833696, 0, 9.267322155e-06
974.837792, 0, 9.246209241e-06
974.944288, 0, 8.730022436e-06
974.948384, 0, 8.710264883e-06
975.214624, 0, 7.598497548e-06
