time, angle, torque
1088.321568, 0, 1.454002463e-05
1088.702496, 0, 1.192221855e-05
1088.706592, 0, 1.189459805e-05
1088.735264, 0, 1.170471742e-05
1088.73936, 0, 1.167769131e-05
