time, angle, torque
1088.321568, 0, 1.611466571e-05
1088.702496, 0, 1.496403384e-05
1088.706592, 0, 1.495178781e-05
1088.735264, 0, 1.486665481e-05
1088.73936, 0, 1.485451299e-05
